player_id,name,nationality,position,shirt_number,image_path
19970,Max Aarons,England,D,19.0,premier_league_data/season_2122/Max_Aarons_19970.png
13286,Tammy Abraham,England,F,90.0,premier_league_data/season_2122/Tammy_Abraham_13286.png
9199,Adam Armstrong,England,F,32.0,premier_league_data/season_2122/Adam_Armstrong_9199.png
10905,Ché Adams,Scotland,F,10.0,premier_league_data/season_2122/Ché_Adams_10905.png
72541,Tayo Adaramola,Ireland,D,45.0,
4852,Adrián,Spain,G,13.0,premier_league_data/season_2122/Adrián_4852.png
4328,Sergio Agüero,Argentina,F,19.0,premier_league_data/season_2122/Sergio_Agüero_4328.png
90665,Derek Agyakwa,Netherlands,D,24.0,
4183,Ahmed El Mohamady,Egypt,D,27.0,premier_league_data/season_2122/Ahmed_El_Mohamady_4183.png
71432,Rayan Aït-Nouri,Algeria,D,3.0,premier_league_data/season_2122/Rayan_Aït-Nouri_71432.png
20113,Kristoffer Ajer,Norway,D,20.0,premier_league_data/season_2122/Kristoffer_Ajer_20113.png
4499,Nathan Aké,Netherlands,D,6.0,premier_league_data/season_2122/Nathan_Aké_4499.png
3564,Marc Albrighton,England,M,22.0,premier_league_data/season_2122/Marc_Albrighton_3564.png
5264,Thiago Alcântara,Spain,M,6.0,premier_league_data/season_2122/Thiago_Alcântara_5264.png
4916,Toby Alderweireld,Belgium,D,23.0,premier_league_data/season_2122/Toby_Alderweireld_4916.png
51480,Ryan Alebiosu,England,D,2.0,premier_league_data/season_2122/Ryan_Alebiosu_51480.png
20053,Aji Alese,England,D,,
5467,Alex Telles,Brazil,D,13.0,premier_league_data/season_2122/Alex_Telles_5467.png
14732,Trent Alexander-Arnold,England,D,66.0,premier_league_data/season_2122/Trent_Alexander-Arnold_14732.png
22698,Ezgjan Alioski,North Macedonia,D,6.0,premier_league_data/season_2122/Ezgjan_Alioski_22698.png
20559,Alisson Becker,Brazil,G,1.0,premier_league_data/season_2122/Alisson_Becker_20559.png
15994,Allan,Brazil,M,6.0,premier_league_data/season_2122/Allan_15994.png
9167,Dele Alli,England,M,11.0,premier_league_data/season_2122/Dele_Alli_9167.png
54312,Miguel Almirón,Paraguay,M,24.0,premier_league_data/season_2122/Miguel_Almirón_54312.png
4093,Marcos Alonso,Spain,D,20.0,premier_league_data/season_2122/Marcos_Alonso_4093.png
51774,Jaime Alvarado,Colombia,M,18.0,
52723,Julián Alvarez,Argentina,F,19.0,premier_league_data/season_2122/Julián_Alvarez_52723.png
112742,Will Alves,England,M,29.0,premier_league_data/season_2122/Will_Alves_112742.png
20723,Steven Alzate,Colombia,M,19.0,premier_league_data/season_2122/Steven_Alzate_20723.png
12306,Daniel Amartey,Ghana,D,12.0,premier_league_data/season_2122/Daniel_Amartey_12306.png
19731,Ethan Ampadu,Wales,D,4.0,premier_league_data/season_2122/Ethan_Ampadu_19731.png
48689,Joseph Anang,England,G,,premier_league_data/season_2122/Joseph_Anang_48689.png
26151,Joachim Andersen,Denmark,D,5.0,premier_league_data/season_2122/Joachim_Andersen_26151.png
23742,Joe Anderson,England,D,4.0,premier_league_data/season_2122/Joe_Anderson_23742.png
37587,Florin Andone,Romania,F,7.0,premier_league_data/season_2122/Florin_Andone_37587.png
5061,André Gomes,Portugal,M,26.0,premier_league_data/season_2122/André_Gomes_5061.png
10476,Andreas Pereira,Brazil,M,18.0,premier_league_data/season_2122/Andreas_Pereira_10476.png
121739,Vincent Angelini,Scotland,G,41.0,
10467,Angeliño,Spain,D,3.0,premier_league_data/season_2122/Angeliño_10467.png
24708,Tino Anjorin,England,M,28.0,premier_league_data/season_2122/Tino_Anjorin_24708.png
9595,Michail Antonio,Jamaica,F,,premier_league_data/season_2122/Michail_Antonio_9595.png
51631,Keenan Appiah-Forson,England,M,22.0,
51667,Billy Arce,Ecuador,M,11.0,
25281,Cameron Archer,England,F,19.0,premier_league_data/season_2122/Cameron_Archer_25281.png
5748,Alphonse Areola,France,G,23.0,premier_league_data/season_2122/Alphonse_Areola_5748.png
12186,Stuart Armstrong,Scotland,M,40.0,premier_league_data/season_2122/Stuart_Armstrong_12186.png
31883,Harrison Ashby,Scotland,D,20.0,premier_league_data/season_2122/Harrison_Ashby_31883.png
123450,Yáser Asprilla,Colombia,M,10.0,
23750,Ryan Astley,Wales,D,5.0,premier_league_data/season_2122/Ryan_Astley_23750.png
4859,Christian Atsu,Ghana,M,,premier_league_data/season_2122/Christian_Atsu_4859.png
5110,Pierre-Emerick Aubameyang,Gabon,F,10.0,premier_league_data/season_2122/Pierre-Emerick_Aubameyang_5110.png
11293,Sèrge Aurier,Cote D’Ivoire,D,92.0,premier_league_data/season_2122/Sèrge_Aurier_11293.png
15114,Brandon Austin,England,G,49.0,premier_league_data/season_2122/Brandon_Austin_15114.png
67217,Zach Awe,England,D,4.0,
15340,Taiwo Awoniyi,Nigeria,F,9.0,premier_league_data/season_2122/Taiwo_Awoniyi_15340.png
5595,Jordan Ayew,Ghana,F,18.0,premier_league_data/season_2122/Jordan_Ayew_5595.png
3314,Luke Ayling,England,D,12.0,premier_league_data/season_2122/Luke_Ayling_3314.png
26975,Miguel Azeez,England,M,20.0,premier_league_data/season_2122/Miguel_Azeez_26975.png
4496,César Azpilicueta,Spain,D,3.0,premier_league_data/season_2122/César_Azpilicueta_4496.png
69816,Kwadwo Baah,Germany,F,24.0,premier_league_data/season_2122/Kwadwo_Baah_69816.png
13279,Abdul Baba,Ghana,D,21.0,premier_league_data/season_2122/Abdul_Baba_13279.png
9762,Daniel Bachmann,Austria,G,35.0,premier_league_data/season_2122/Daniel_Bachmann_9762.png
20489,Leon Bailey,Jamaica,M,31.0,premier_league_data/season_2122/Leon_Bailey_20489.png
12937,Eric Bailly,Cote D’Ivoire,D,4.0,premier_league_data/season_2122/Eric_Bailly_12937.png
11260,Tiémoué Bakayoko,France,M,8.0,premier_league_data/season_2122/Tiémoué_Bakayoko_11260.png
4749,Lewis Baker,Jamaica,M,,premier_league_data/season_2122/Lewis_Baker_4749.png
66607,James Balagizi,England,M,24.0,premier_league_data/season_2122/James_Balagizi_66607.png
32435,Fabián Balbuena,Paraguay,D,,premier_league_data/season_2122/Fabián_Balbuena_32435.png
21317,Ellery Balcombe,England,G,35.0,premier_league_data/season_2122/Ellery_Balcombe_21317.png
3513,Gareth Bale,Wales,F,11.0,premier_league_data/season_2122/Gareth_Bale_3513.png
19871,Folarin Balogun,United States,F,9.0,premier_league_data/season_2122/Folarin_Balogun_19871.png
63655,Tudor Baluta,Romania,D,6.0,premier_league_data/season_2122/Tudor_Baluta_63655.png
4291,Patrick Bamford,England,F,,premier_league_data/season_2122/Patrick_Bamford_4291.png
14623,Beni Baningime,DR Congo,M,6.0,premier_league_data/season_2122/Beni_Baningime_14623.png
74776,Scott Banks,Scotland,M,12.0,premier_league_data/season_2122/Scott_Banks_74776.png
24773,Shandon Baptiste,Grenada,M,26.0,premier_league_data/season_2122/Shandon_Baptiste_24773.png
14426,Daniel Barden,Wales,G,12.0,premier_league_data/season_2122/Daniel_Barden_14426.png
2517,Phil Bardsley,Scotland,D,27.0,premier_league_data/season_2122/Phil_Bardsley_2517.png
4115,Ross Barkley,England,M,6.0,premier_league_data/season_2122/Ross_Barkley_4115.png
8246,Ashley Barnes,England,F,35.0,premier_league_data/season_2122/Ashley_Barnes_8246.png
15185,Mason Barrett,England,D,6.0,
52960,Louie Barry,England,F,22.0,premier_league_data/season_2122/Louie_Barry_52960.png
49501,Lewis Bate,England,M,4.0,premier_league_data/season_2122/Lewis_Bate_49501.png
7450,Michy Batshuayi,Belgium,F,30.0,premier_league_data/season_2122/Michy_Batshuayi_7450.png
14568,Nathan Baxter,England,G,1.0,
25540,Mads Bech,Denmark,D,22.0,premier_league_data/season_2122/Mads_Bech_25540.png
66565,Owen Beck,Wales,D,,premier_league_data/season_2122/Owen_Beck_66565.png
19589,Jan Bednarek,Poland,D,35.0,premier_league_data/season_2122/Jan_Bednarek_19589.png
2537,Asmir Begovic,Bosnia & Herzegovina,G,31.0,premier_league_data/season_2122/Asmir_Begovic_2537.png
4474,Héctor Bellerín,Spain,D,2.0,premier_league_data/season_2122/Héctor_Bellerín_4474.png
5575,Benjamin Mendy,France,D,5.0,premier_league_data/season_2122/Benjamin_Mendy_5575.png
16671,Filip Benkovic,Croatia,D,32.0,premier_league_data/season_2122/Filip_Benkovic_16671.png
31662,J'Neil Bennett,England,F,,premier_league_data/season_2122/JNeil_Bennett_31662.png
20517,Saïd Benrahma,Algeria,F,17.0,premier_league_data/season_2122/Saïd_Benrahma_20517.png
14441,Josh Benson,England,M,10.0,premier_league_data/season_2122/Josh_Benson_14441.png
22802,Rodrigo Bentancur,Uruguay,M,30.0,premier_league_data/season_2122/Rodrigo_Bentancur_22802.png
4492,Christian Benteke,Belgium,F,20.0,premier_league_data/season_2122/Christian_Benteke_4492.png
10761,Gaetano Berardi,Switzerland,D,28.0,
65641,Lucas Bergström,Finland,G,1.0,premier_league_data/season_2122/Lucas_Bergström_65641.png
12703,Steven Bergwijn,Netherlands,F,34.0,premier_league_data/season_2122/Steven_Bergwijn_12703.png
50975,Adrián Bernabé,Spain,M,10.0,premier_league_data/season_2122/Adrián_Bernabé_50975.png
5907,Bernard,Brazil,M,10.0,premier_league_data/season_2122/Bernard_5907.png
23591,Bernardo,Brazil,D,95.0,premier_league_data/season_2122/Bernardo_23591.png
5067,Bernardo Silva,Portugal,M,20.0,premier_league_data/season_2122/Bernardo_Silva_5067.png
2886,Ryan Bertrand,England,D,5.0,premier_league_data/season_2122/Ryan_Bertrand_2886.png
10451,Muhamed Besic,Bosnia & Herzegovina,M,5.0,premier_league_data/season_2122/Muhamed_Besic_10451.png
4511,Marcus Bettinelli,England,G,13.0,premier_league_data/season_2122/Marcus_Bettinelli_4511.png
66647,Mads Bidstrup,Denmark,M,18.0,premier_league_data/season_2122/Mads_Bidstrup_66647.png
33175,Mika Biereth,Denmark,F,14.0,
21881,Nathan Bishop,England,G,,premier_league_data/season_2122/Nathan_Bishop_21881.png
50245,Yves Bissouma,Mali,M,8.0,premier_league_data/season_2122/Yves_Bissouma_50245.png
112629,Harvey Blair,England,F,29.0,
122634,Adrian Blake,England,M,50.0,
53007,Malachi Boateng,England,M,19.0,premier_league_data/season_2122/Malachi_Boateng_53007.png
66657,Oscar Bobb,Norway,M,52.0,premier_league_data/season_2122/Oscar_Bobb_66657.png
107846,Lamare Bogarde,Netherlands,M,26.0,premier_league_data/season_2122/Lamare_Bogarde_107846.png
64271,Mateusz Bogusz,Poland,M,8.0,premier_league_data/season_2122/Mateusz_Bogusz_64271.png
52175,Bendegúz Bolla,Hungary,D,77.0,
14793,Luke Bolton,England,M,17.0,
16204,Willy-Arnaud Boly,Cote D’Ivoire,D,30.0,premier_league_data/season_2122/Willy-Arnaud_Boly_16204.png
23951,Jamie Bowden,Ireland,M,18.0,premier_league_data/season_2122/Jamie_Bowden_23951.png
8868,Jarrod Bowen,England,F,20.0,premier_league_data/season_2122/Jarrod_Bowen_8868.png
68582,Conor Bradley,Northern Ireland,D,84.0,premier_league_data/season_2122/Conor_Bradley_68582.png
4158,Robert Brady,Ireland,M,11.0,premier_league_data/season_2122/Robert_Brady_4158.png
66318,Jarrad Branthwaite,England,D,,premier_league_data/season_2122/Jarrad_Branthwaite_66318.png
109775,Sammy Braybrooke,England,M,,
19894,Mungo Bridge,England,F,37.0,premier_league_data/season_2122/Mungo_Bridge_19894.png
14636,Nathan Broadhead,Wales,F,33.0,premier_league_data/season_2122/Nathan_Broadhead_14636.png
31442,Armando Broja,Albania,F,9.0,premier_league_data/season_2122/Armando_Broja_31442.png
9457,Josh Brownhill,England,M,8.0,premier_league_data/season_2122/Josh_Brownhill_9457.png
23396,Bruno Fernandes,Portugal,M,8.0,premier_league_data/season_2122/Bruno_Fernandes_23396.png
74761,Bruno Guimarães,Brazil,M,39.0,premier_league_data/season_2122/Bruno_Guimarães_74761.png
25191,Bruno Jordão,Portugal,M,,premier_league_data/season_2122/Bruno_Jordão_25191.png
19890,Lewis Brunt,England,D,3.0,premier_league_data/season_2122/Lewis_Brunt_19890.png
26408,Emiliano Buendía,Argentina,M,16.0,premier_league_data/season_2122/Emiliano_Buendía_26408.png
66692,Hugo Bueno,Spain,D,16.0,premier_league_data/season_2122/Hugo_Bueno_66692.png
8707,Dan Burn,England,D,33.0,premier_league_data/season_2122/Dan_Burn_8707.png
49267,Finley Burns,England,D,17.0,premier_league_data/season_2122/Finley_Burns_49267.png
4634,Jack Butland,England,G,1.0,premier_league_data/season_2122/Jack_Butland_4634.png
23869,Jack Bycroft,England,G,1.0,
8945,Sam Byram,England,D,25.0,premier_league_data/season_2122/Sam_Byram_8945.png
10466,Willy Caballero,Argentina,G,1.0,premier_league_data/season_2122/Willy_Caballero_10466.png
2620,Gary Cahill,England,D,24.0,premier_league_data/season_2122/Gary_Cahill_2620.png
112203,Moisés Caicedo,Ecuador,M,25.0,premier_league_data/season_2122/Moisés_Caicedo_112203.png
32279,Jake Cain,England,M,16.0,premier_league_data/season_2122/Jake_Cain_32279.png
14482,Callum Rowe,England,D,,premier_league_data/season_2122/Callum_Rowe_14482.png
21957,Callum Wright,England,M,11.0,premier_league_data/season_2122/Callum_Wright_21957.png
9576,Dominic Calvert-Lewin,England,F,9.0,premier_league_data/season_2122/Dominic_Calvert-Lewin_9576.png
74562,Leonardo Campana,Ecuador,F,8.0,
51648,Chem Campbell,Wales,M,20.0,premier_league_data/season_2122/Chem_Campbell_51648.png
13225,Sergi Canós,Spain,M,7.0,premier_league_data/season_2122/Sergi_Canós_13225.png
14944,Todd Cantwell,England,M,8.0,premier_league_data/season_2122/Todd_Cantwell_14944.png
74591,Elia Caprile,Italy,G,25.0,premier_league_data/season_2122/Elia_Caprile_74591.png
50501,Carlos Vinícius,Brazil,F,95.0,premier_league_data/season_2122/Carlos_Vinícius_50501.png
107832,Álvaro Carreras,Spain,D,3.0,
3175,Andy Carroll,England,F,9.0,premier_league_data/season_2122/Andy_Carroll_3175.png
2250,Scott Carson,England,G,33.0,premier_league_data/season_2122/Scott_Carson_2250.png
13814,Cameron Carter-Vickers,United States,D,20.0,premier_league_data/season_2122/Cameron_Carter-Vickers_13814.png
53269,Oliver Casey,England,D,5.0,
13344,Matty Cash,Poland,D,2.0,premier_league_data/season_2122/Matty_Cash_13344.png
6712,Timothy Castagne,Belgium,D,21.0,premier_league_data/season_2122/Timothy_Castagne_6712.png
3160,Craig Cathcart,Northern Ireland,D,,premier_league_data/season_2122/Craig_Cathcart_3160.png
5771,Edinson Cavani,Uruguay,F,10.0,premier_league_data/season_2122/Edinson_Cavani_5771.png
7163,Dani Ceballos,Spain,M,8.0,premier_league_data/season_2122/Dani_Ceballos_7163.png
11347,Cédric Soares,Portugal,D,12.0,premier_league_data/season_2122/Cédric_Soares_11347.png
51616,Kallum Cesay,Sierra Leone,D,21.0,premier_league_data/season_2122/Kallum_Cesay_51616.png
14575,Trevoh Chalobah,England,D,27.0,premier_league_data/season_2122/Trevoh_Chalobah_14575.png
4620,Calum Chambers,England,D,12.0,premier_league_data/season_2122/Calum_Chambers_4620.png
65849,Kgaogelo Chauke,South Africa,M,33.0,
30534,Dan Chesters,England,M,20.0,
13491,Ben Chilwell,England,D,25.0,premier_league_data/season_2122/Ben_Chilwell_13491.png
122388,Chiquinho,Portugal,F,20.0,premier_league_data/season_2122/Chiquinho_122388.png
20858,Tahith Chong,Netherlands,M,14.0,premier_league_data/season_2122/Tahith_Chong_20858.png
13248,Hamza Choudhury,Bangladesh,M,24.0,premier_league_data/season_2122/Hamza_Choudhury_13248.png
69747,Ben Chrisene,England,D,14.0,
4495,Andreas Christensen,Denmark,D,15.0,premier_league_data/season_2122/Andreas_Christensen_4495.png
64522,Christian Marques,Portugal,D,23.0,premier_league_data/season_2122/Christian_Marques_64522.png
64140,Carney Chukwuemeka,England,M,17.0,premier_league_data/season_2122/Carney_Chukwuemeka_64140.png
51609,Dennis Cirkin,England,D,3.0,premier_league_data/season_2122/Dennis_Cirkin_51609.png
3562,Ciaran Clark,Ireland,D,26.0,premier_league_data/season_2122/Ciaran_Clark_3562.png
8913,Matt Clarke,England,D,25.0,premier_league_data/season_2122/Matt_Clarke_8913.png
11146,Jake Clarke-Salter,England,D,6.0,premier_league_data/season_2122/Jake_Clarke-Salter_11146.png
33335,Leighton Clarkson,England,M,10.0,premier_league_data/season_2122/Leighton_Clarkson_33335.png
3448,Tom Cleverley,England,M,8.0,premier_league_data/season_2122/Tom_Cleverley_3448.png
4604,Nathaniel Clyne,England,D,17.0,premier_league_data/season_2122/Nathaniel_Clyne_4604.png
4136,Conor Coady,England,D,4.0,premier_league_data/season_2122/Conor_Coady_4136.png
14559,Alex Cochrane,England,D,20.0,premier_league_data/season_2122/Alex_Cochrane_14559.png
3600,Séamus Coleman,Ireland,D,,premier_league_data/season_2122/Séamus_Coleman_3600.png
24659,Nathan Collins,Ireland,D,22.0,premier_league_data/season_2122/Nathan_Collins_24659.png
21653,Aaron Connolly,Ireland,F,9.0,premier_league_data/season_2122/Aaron_Connolly_21653.png
69507,Kamil Conteh,Sierra Leone,M,22.0,premier_league_data/season_2122/Kamil_Conteh_69507.png
3622,Liam Cooper,Scotland,D,6.0,premier_league_data/season_2122/Liam_Cooper_3622.png
53182,Theo Corbeanu,Canada,F,17.0,premier_league_data/season_2122/Theo_Corbeanu_53182.png
2889,Jack Cork,England,D,4.0,premier_league_data/season_2122/Jack_Cork_2889.png
16758,Maxwel Cornet,Cote D’Ivoire,F,22.0,premier_league_data/season_2122/Maxwel_Cornet_16758.png
112628,Dara Costelloe,Ireland,F,15.0,premier_league_data/season_2122/Dara_Costelloe_112628.png
49256,Ben Cottrell,England,M,,premier_league_data/season_2122/Ben_Cottrell_49256.png
7336,Vladimír Coufal,Czech Republic,D,5.0,premier_league_data/season_2122/Vladimír_Coufal_7336.png
15211,Conor Coventry,Ireland,M,6.0,premier_league_data/season_2122/Conor_Coventry_15211.png
98258,Matthew Cox,England,G,16.0,premier_league_data/season_2122/Matthew_Cox_98258.png
51619,Matthew Craig,Scotland,M,24.0,premier_league_data/season_2122/Matthew_Craig_51619.png
69286,Charlie Cresswell,England,D,4.0,premier_league_data/season_2122/Charlie_Cresswell_69286.png
51245,Kane Crichlow,Bermuda,M,,
2522,Cristiano Ronaldo,Portugal,F,7.0,premier_league_data/season_2122/Cristiano_Ronaldo_2522.png
27277,Marc Cucurella,Spain,D,3.0,premier_league_data/season_2122/Marc_Cucurella_27277.png
114257,Tiago Çukur,Turkiye,F,58.0,
14565,Jamie Cumming,England,G,1.0,premier_league_data/season_2122/Jamie_Cumming_14565.png
23989,Luke Cundle,England,M,25.0,premier_league_data/season_2122/Luke_Cundle_23989.png
22870,Patrick Cutrone,Italy,F,9.0,premier_league_data/season_2122/Patrick_Cutrone_22870.png
49763,Renat Dadashov,Azerbaijan,F,9.0,
33158,Pontus Dahlberg,Sweden,G,1.0,premier_league_data/season_2122/Pontus_Dahlberg_33158.png
24994,Patson Daka,Zambia,F,20.0,premier_league_data/season_2122/Patson_Daka_24994.png
20722,Sam Dalby,England,F,18.0,
19868,Vontae Daley-Campbell,England,D,20.0,premier_league_data/season_2122/Vontae_Daley-Campbell_19868.png
8148,Stuart Dallas,Northern Ireland,D,15.0,premier_league_data/season_2122/Stuart_Dallas_8148.png
12005,Henrik Dalsgaard,Denmark,D,14.0,
11362,Daniel Podence,Portugal,M,56.0,premier_league_data/season_2122/Daniel_Podence_11362.png
2817,Luke Daniels,England,G,12.0,
3807,Scott Dann,England,D,6.0,premier_league_data/season_2122/Scott_Dann_3807.png
9251,Karl Darlow,Wales,G,26.0,premier_league_data/season_2122/Karl_Darlow_9251.png
14457,Josh Dasilva,England,M,10.0,premier_league_data/season_2122/Josh_Dasilva_14457.png
4100,David Luiz,Brazil,D,23.0,premier_league_data/season_2122/David_Luiz_4100.png
13389,Tom Davies,England,M,22.0,premier_league_data/season_2122/Tom_Davies_13389.png
13130,Keinan Davis,England,F,7.0,premier_league_data/season_2122/Keinan_Davis_13130.png
4198,Craig Dawson,England,D,15.0,premier_league_data/season_2122/Craig_Dawson_4198.png
12198,Laurens De Bock,Belgium,D,27.0,
53177,Lucas De Bolle,Scotland,M,34.0,
4288,Kevin De Bruyne,Belgium,M,17.0,premier_league_data/season_2122/Kevin_De_Bruyne_4288.png
4330,David de Gea,Spain,G,43.0,premier_league_data/season_2122/David_de_Gea_4330.png
9947,Troy Deeney,England,F,14.0,premier_league_data/season_2122/Troy_Deeney_9947.png
51813,Liam Delap,England,F,19.0,premier_league_data/season_2122/Liam_Delap_51813.png
14778,Tom Dele-Bashiru,Nigeria,M,19.0,premier_league_data/season_2122/Tom_Dele-Bashiru_14778.png
3799,Fabian Delph,England,M,8.0,premier_league_data/season_2122/Fabian_Delph_3799.png
67927,Lars Dendoncker,Belgium,D,53.0,premier_league_data/season_2122/Lars_Dendoncker_67927.png
20701,Emmanuel Dennis,Nigeria,F,,premier_league_data/season_2122/Emmanuel_Dennis_20701.png
49461,Halil Dervisoglu,Turkiye,F,11.0,premier_league_data/season_2122/Halil_Dervisoglu_49461.png
77990,Alfie Devine,England,M,10.0,premier_league_data/season_2122/Alfie_Devine_77990.png
14706,Kiernan Dewsbury-Hall,England,M,22.0,premier_league_data/season_2122/Kiernan_Dewsbury-Hall_14706.png
69176,Amad Diallo,Cote D’Ivoire,F,,premier_league_data/season_2122/Amad_Diallo_69176.png
66669,Luis Díaz,Colombia,F,7.0,premier_league_data/season_2122/Luis_Díaz_66669.png
112917,Tyler Dibling,England,M,33.0,premier_league_data/season_2122/Tyler_Dibling_112917.png
33345,Thomas Dickson-Peters,Scotland,F,,premier_league_data/season_2122/Thomas_Dickson-Peters_33345.png
126837,Diego Rosa,Brazil,M,,
4112,Eric Dier,England,D,15.0,premier_league_data/season_2122/Eric_Dier_4112.png
5758,Lucas Digne,France,D,12.0,premier_league_data/season_2122/Lucas_Digne_5758.png
24252,Diogo Dalot,Portugal,D,5.0,premier_league_data/season_2122/Diogo_Dalot_24252.png
19758,Diogo Jota,Portugal,F,20.0,premier_league_data/season_2122/Diogo_Jota_19758.png
49884,Issa Diop,France,D,31.0,premier_league_data/season_2122/Issa_Diop_49884.png
24231,Elijah Dixon-Bonner,England,M,19.0,premier_league_data/season_2122/Elijah_Dixon-Bonner_24231.png
52153,Moussa Djenepo,Mali,M,19.0,premier_league_data/season_2122/Moussa_Djenepo_52153.png
51511,Lewis Dobbin,England,F,22.0,premier_league_data/season_2122/Lewis_Dobbin_51511.png
66524,Owen Dodgson,England,D,3.0,premier_league_data/season_2122/Owen_Dodgson_66524.png
4229,Matt Doherty,Ireland,D,2.0,premier_league_data/season_2122/Matt_Doherty_4229.png
19678,Domingos Quina,Portugal,M,8.0,premier_league_data/season_2122/Domingos_Quina_19678.png
13823,Abdoulaye Doucouré,Mali,M,16.0,premier_league_data/season_2122/Abdoulaye_Doucouré_13823.png
24626,Douglas Luiz,Brazil,M,26.0,premier_league_data/season_2122/Douglas_Luiz_24626.png
10455,Kieran Dowell,England,M,30.0,premier_league_data/season_2122/Kieran_Dowell_10455.png
24637,Tommy Doyle,England,M,20.0,premier_league_data/season_2122/Tommy_Doyle_24637.png
24811,Cody Drameh,England,D,23.0,premier_league_data/season_2122/Cody_Drameh_24811.png
3670,Danny Drinkwater,England,M,15.0,premier_league_data/season_2122/Danny_Drinkwater_3670.png
11111,Josip Drmic,Switzerland,F,18.0,premier_league_data/season_2122/Josip_Drmic_11111.png
6451,Martin Dúbravka,Slovakia,G,31.0,premier_league_data/season_2122/Martin_Dúbravka_6451.png
3601,Shane Duffy,Ireland,D,4.0,premier_league_data/season_2122/Shane_Duffy_3601.png
4340,Paul Dummett,Wales,D,14.0,premier_league_data/season_2122/Paul_Dummett_4340.png
8163,Lewis Dunk,England,D,30.0,premier_league_data/season_2122/Lewis_Dunk_8163.png
14829,Jimmy Dunne,Ireland,D,3.0,premier_league_data/season_2122/Jimmy_Dunne_14829.png
74787,Frankie Ealing,England,D,14.0,
12707,Ederson,Brazil,G,31.0,premier_league_data/season_2122/Ederson_12707.png
16788,Odsonne Édouard,France,F,29.0,premier_league_data/season_2122/Odsonne_Édouard_16788.png
66658,Samuel Edozie,England,M,27.0,premier_league_data/season_2122/Samuel_Edozie_66658.png
51690,CJ Egan-Riley,England,D,,
51224,Pierre Ekwah,France,M,39.0,premier_league_data/season_2122/Pierre_Ekwah_51224.png
11033,Anwar El Ghazi,Netherlands,F,20.0,
49259,Anthony Elanga,Sweden,F,21.0,premier_league_data/season_2122/Anthony_Elanga_49259.png
2214,Robert Elliot,Ireland,G,37.0,premier_league_data/season_2122/Robert_Elliot_2214.png
33185,Harvey Elliott,England,M,,premier_league_data/season_2122/Harvey_Elliott_33185.png
15967,Mohamed Elyounoussi,Norway,M,10.0,premier_league_data/season_2122/Mohamed_Elyounoussi_15967.png
16803,Emerson,Italy,D,33.0,premier_league_data/season_2122/Emerson_16803.png
63654,Emerson Royal,Brazil,D,22.0,premier_league_data/season_2122/Emerson_Royal_63654.png
12199,Björn Engels,Belgium,D,3.0,premier_league_data/season_2122/Björn_Engels_12199.png
4845,Christian Eriksen,Denmark,M,14.0,premier_league_data/season_2122/Christian_Eriksen_4845.png
43087,Peter Etebo,Nigeria,M,5.0,premier_league_data/season_2122/Peter_Etebo_43087.png
3156,Jonny Evans,Northern Ireland,D,35.0,premier_league_data/season_2122/Jonny_Evans_3156.png
51530,Oliver Ewing,Wales,M,53.0,premier_league_data/season_2122/Oliver_Ewing_51530.png
15123,Timothy Eyoma,England,D,28.0,premier_league_data/season_2122/Timothy_Eyoma_15123.png
21584,Eberechi Eze,England,M,10.0,premier_league_data/season_2122/Eberechi_Eze_21584.png
3309,Lukasz Fabianski,Poland,G,1.0,premier_league_data/season_2122/Lukasz_Fabianski_3309.png
11247,Fabinho,Brazil,M,8.0,premier_league_data/season_2122/Fabinho_11247.png
66670,Fábio Silva,Portugal,F,37.0,premier_league_data/season_2122/Fábio_Silva_66670.png
31663,Malachi Fagan-Walcott,England,D,,premier_league_data/season_2122/Malachi_Fagan-Walcott_31663.png
19752,Akin Famewo,England,D,23.0,
23703,Juan Familia-Castillo,Netherlands,D,,premier_league_data/season_2122/Juan_Familia-Castillo_23703.png
5672,Federico Fernández,Argentina,D,2.0,premier_league_data/season_2122/Federico_Fernández_5672.png
6784,Felipe Anderson,Brazil,M,7.0,premier_league_data/season_2122/Felipe_Anderson_6784.png
22546,Kiko Femenía,Spain,D,17.0,premier_league_data/season_2122/Kiko_Femenía_22546.png
71590,Evan Ferguson,Ireland,F,34.0,premier_league_data/season_2122/Evan_Ferguson_71590.png
23585,Álvaro Fernández,Spain,G,1.0,premier_league_data/season_2122/Álvaro_Fernández_23585.png
4804,Fernandinho,Brazil,M,25.0,premier_league_data/season_2122/Fernandinho_4804.png
22002,Will Ferry,Ireland,M,15.0,
78267,Ryan Finnigan,England,M,28.0,
33046,Junior Firpo,Dominican Republic,D,3.0,premier_league_data/season_2122/Junior_Firpo_33046.png
51582,Will Fish,England,D,2.0,
51544,Ethan Fitzhugh,England,M,,premier_league_data/season_2122/Ethan_Fitzhugh_51544.png
13145,Ashley Fletcher,England,F,11.0,premier_league_data/season_2122/Ashley_Fletcher_13145.png
69415,Marcelo Flores,Mexico,M,82.0,
52959,Shane Flynn,Ireland,M,53.0,premier_league_data/season_2122/Shane_Flynn_52959.png
14805,Phil Foden,England,M,47.0,premier_league_data/season_2122/Phil_Foden_14805.png
66284,Wesley Fofana,France,D,29.0,premier_league_data/season_2122/Wesley_Fofana_66284.png
114256,Shaq Forde,England,F,28.0,premier_league_data/season_2122/Shaq_Forde_114256.png
25246,Pablo Fornals,Spain,M,18.0,premier_league_data/season_2122/Pablo_Fornals_25246.png
3877,Adam Forshaw,England,M,28.0,premier_league_data/season_2122/Adam_Forshaw_3877.png
15170,Marcus Forss,Finland,F,,premier_league_data/season_2122/Marcus_Forss_15170.png
3170,Fraser Forster,England,G,20.0,premier_league_data/season_2122/Fraser_Forster_3170.png
2932,Ben Foster,England,G,12.0,premier_league_data/season_2122/Ben_Foster_2932.png
10883,Tariqe Fosu,Ghana,F,24.0,premier_league_data/season_2122/Tariqe_Fosu_10883.png
8052,Ryan Fraser,Scotland,M,24.0,premier_league_data/season_2122/Ryan_Fraser_8052.png
107830,Melkamu Frauendorf,Germany,M,,
5906,Fred,Brazil,M,13.0,premier_league_data/season_2122/Fred_5906.png
3958,Ryan Fredericks,England,D,2.0,premier_league_data/season_2122/Ryan_Fredericks_3958.png
5371,Christian Fuchs,Austria,D,22.0,premier_league_data/season_2122/Christian_Fuchs_5371.png
66367,James Furlong,Ireland,D,3.0,premier_league_data/season_2122/James_Furlong_66367.png
19680,Gabriel Jesus,Brazil,F,9.0,premier_league_data/season_2122/Gabriel_Jesus_19680.png
50234,Gabriel Magalhães,Brazil,D,6.0,premier_league_data/season_2122/Gabriel_Magalhães_50234.png
66104,Gabriel Martinelli,Brazil,M,,premier_league_data/season_2122/Gabriel_Martinelli_66104.png
24649,Ethan Galbraith,Northern Ireland,M,22.0,premier_league_data/season_2122/Ethan_Galbraith_24649.png
21887,Conor Gallagher,England,M,4.0,premier_league_data/season_2122/Conor_Gallagher_21887.png
24635,Eric García,Spain,D,25.0,premier_league_data/season_2122/Eric_García_24635.png
68987,Alejandro Garnacho,Argentina,F,17.0,premier_league_data/season_2122/Alejandro_Garnacho_68987.png
23841,James Garner,England,M,,premier_league_data/season_2122/James_Garner_23841.png
4771,Dwight Gayle,England,F,25.0,premier_league_data/season_2122/Dwight_Gayle_4771.png
20187,Jean-Philippe Gbamin,Cote D’Ivoire,M,17.0,premier_league_data/season_2122/Jean-Philippe_Gbamin_20187.png
51754,Joe Gelhardt,England,F,30.0,premier_league_data/season_2122/Joe_Gelhardt_51754.png
6889,Rachid Ghezzal,Algeria,M,18.0,premier_league_data/season_2122/Rachid_Ghezzal_6889.png
25094,Saman Ghoddos,Iran,F,14.0,premier_league_data/season_2122/Saman_Ghoddos_25094.png
19591,Dimitris Giannoulis,Greece,D,13.0,premier_league_data/season_2122/Dimitris_Giannoulis_19591.png
69765,Liam Gibbs,England,M,8.0,
15259,Morgan Gibbs-White,England,M,10.0,premier_league_data/season_2122/Morgan_Gibbs-White_15259.png
19968,Lewis Gibson,England,D,19.0,premier_league_data/season_2122/Lewis_Gibson_19968.png
55700,Bryan Gil,Spain,F,20.0,premier_league_data/season_2122/Bryan_Gil_55700.png
25534,Alex Gilbert,Ireland,F,17.0,premier_league_data/season_2122/Alex_Gilbert_25534.png
20081,Ryan Giles,England,D,28.0,premier_league_data/season_2122/Ryan_Giles_20081.png
8321,Mark Gillespie,England,G,29.0,premier_league_data/season_2122/Mark_Gillespie_8321.png
24221,Billy Gilmour,Scotland,M,11.0,premier_league_data/season_2122/Billy_Gilmour_24221.png
4481,Olivier Giroud,France,F,9.0,premier_league_data/season_2122/Olivier_Giroud_4481.png
23810,Anthony Glennon,England,D,3.0,premier_league_data/season_2122/Anthony_Glennon_23810.png
10968,Ben Godfrey,England,D,44.0,premier_league_data/season_2122/Ben_Godfrey_10968.png
19626,Pierluigi Gollini,Italy,G,95.0,premier_league_data/season_2122/Pierluigi_Gollini_19626.png
50989,Claudio Gomes,France,M,6.0,premier_league_data/season_2122/Claudio_Gomes_50989.png
10651,Joe Gomez,England,D,2.0,premier_league_data/season_2122/Joe_Gomez_10651.png
13702,Charlie Goode,England,D,15.0,premier_league_data/season_2122/Charlie_Goode_13702.png
51474,Lewis Gordon,Scotland,D,19.0,premier_league_data/season_2122/Lewis_Gordon_51474.png
3390,Dan Gosling,England,M,32.0,premier_league_data/season_2122/Dan_Gosling_3390.png
19909,Kamil Grabara,Poland,G,1.0,premier_league_data/season_2122/Kamil_Grabara_19909.png
1870,Lee Grant,England,G,,premier_league_data/season_2122/Lee_Grant_1870.png
7946,Demarai Gray,Jamaica,F,11.0,premier_league_data/season_2122/Demarai_Gray_7946.png
4260,Jack Grealish,England,M,10.0,premier_league_data/season_2122/Jack_Grealish_4260.png
23911,Sam Greenwood,England,M,20.0,premier_league_data/season_2122/Sam_Greenwood_23911.png
124176,Jack Grieves,England,F,59.0,
22542,Pascal Groß,Germany,M,13.0,premier_league_data/season_2122/Pascal_Groß_22542.png
13985,Marko Grujic,Serbia,M,8.0,premier_league_data/season_2122/Marko_Grujic_13985.png
7548,Vicente Guaita,Spain,G,13.0,premier_league_data/season_2122/Vicente_Guaita_7548.png
6210,Jóhann Gudmundsson,Iceland,F,7.0,premier_league_data/season_2122/Jóhann_Gudmundsson_6210.png
14569,Marc Guéhi,England,D,6.0,premier_league_data/season_2122/Marc_Guéhi_14569.png
50512,Mattéo Guendouzi,France,M,8.0,premier_league_data/season_2122/Mattéo_Guendouzi_50512.png
15549,Frédéric Guilbert,France,D,12.0,premier_league_data/season_2122/Frédéric_Guilbert_15549.png
5101,Ilkay Gündogan,Germany,M,19.0,premier_league_data/season_2122/Ilkay_Gündogan_5101.png
15269,Angus Gunn,Scotland,G,1.0,premier_league_data/season_2122/Angus_Gunn_15269.png
64148,Patrik Gunnarsson,Iceland,G,31.0,premier_league_data/season_2122/Patrik_Gunnarsson_64148.png
51437,Peter Gwargis,Iraq,M,21.0,premier_league_data/season_2122/Peter_Gwargis_51437.png
32728,Viktor Gyökeres,Sweden,F,9.0,premier_league_data/season_2122/Viktor_Gyökeres_32728.png
108922,Lewis Hall,England,D,20.0,premier_league_data/season_2122/Lewis_Hall_108922.png
63841,Micah Hamilton,England,F,28.0,
3819,Grant Hanley,Scotland,D,31.0,premier_league_data/season_2122/Grant_Hanley_3819.png
15186,Reece Hannam,England,D,25.0,premier_league_data/season_2122/Reece_Hannam_15186.png
66722,Björn Hardley,Netherlands,D,64.0,
33135,Jack Harrison,England,M,7.0,premier_league_data/season_2122/Jack_Harrison_33135.png
19877,Harry Clarke,England,D,18.0,premier_league_data/season_2122/Harry_Clarke_19877.png
3143,Joe Hart,England,G,1.0,premier_league_data/season_2122/Joe_Hart_3143.png
25447,Taylor Harwood-Bellis,England,D,,premier_league_data/season_2122/Taylor_Harwood-Bellis_25447.png
10000,Kortney Hause,England,D,30.0,
20810,Kai Havertz,Germany,F,29.0,premier_league_data/season_2122/Kai_Havertz_20810.png
4713,Isaac Hayden,Jamaica,M,45.0,
51581,Max Haygarth,England,M,21.0,premier_league_data/season_2122/Max_Haygarth_51581.png
2933,Tom Heaton,England,G,22.0,premier_league_data/season_2122/Tom_Heaton_2933.png
51917,Karl Hein,Estonia,G,13.0,premier_league_data/season_2122/Karl_Hein_51917.png
47259,Philip Heise,Germany,D,16.0,premier_league_data/season_2122/Philip_Heise_47259.png
5064,Hélder Costa,Angola,F,17.0,premier_league_data/season_2122/Hélder_Costa_5064.png
51579,Mark Helm,England,M,17.0,
3058,Stephen Henderson,Ireland,G,30.0,premier_league_data/season_2122/Stephen_Henderson_3058.png
8586,Jeff Hendrick,Ireland,M,29.0,premier_league_data/season_2122/Jeff_Hendrick_8586.png
2569,Wayne Hennessey,Wales,G,13.0,premier_league_data/season_2122/Wayne_Hennessey_2569.png
10947,Rico Henry,England,D,3.0,premier_league_data/season_2122/Rico_Henry_10947.png
98301,Jack Henry-Francis,Ireland,M,,
33066,Onel Hernández,Cuba,M,25.0,premier_league_data/season_2122/Onel_Hernández_33066.png
21748,Yangel Herrera,Venezuela,M,21.0,
51559,Tom Hill,Wales,M,19.0,
20005,James Hillson,England,G,,
14283,George Hirst,Scotland,F,27.0,premier_league_data/season_2122/George_Hirst_14283.png
112246,Leo Hjelde,Norway,D,33.0,premier_league_data/season_2122/Leo_Hjelde_112246.png
6194,Wesley Hoedt,Netherlands,D,4.0,premier_league_data/season_2122/Wesley_Hoedt_6194.png
52951,Ki-Jana Hoever,Netherlands,D,17.0,premier_league_data/season_2122/Ki-Jana_Hoever_52951.png
11575,Rob Holding,England,D,5.0,premier_league_data/season_2122/Rob_Holding_11575.png
10564,Mason Holgate,Jamaica,D,3.0,premier_league_data/season_2122/Mason_Holgate_10564.png
14637,Nathan Holland,England,M,37.0,premier_league_data/season_2122/Nathan_Holland_14637.png
9377,Conor Hourihane,Ireland,M,14.0,premier_league_data/season_2122/Conor_Hourihane_9377.png
23702,Callum Hudson-Odoi,England,F,14.0,premier_league_data/season_2122/Callum_Hudson-Odoi_23702.png
104260,Niall Huggins,Wales,D,2.0,premier_league_data/season_2122/Niall_Huggins_104260.png
8589,Will Hughes,England,M,19.0,premier_league_data/season_2122/Will_Hughes_8589.png
107835,Joe Hugill,England,F,17.0,
24340,Joseph Hungbo,England,F,44.0,premier_league_data/season_2122/Joseph_Hungbo_24340.png
98300,Omari Hutchinson,England,F,20.0,premier_league_data/season_2122/Omari_Hutchinson_98300.png
20337,Hwang Hee-Chan,South Korea,F,11.0,premier_league_data/season_2122/Hwang_Hee-Chan_20337.png
5272,Pierre-Emile Højbjerg,Denmark,M,23.0,premier_league_data/season_2122/Pierre-Emile_Højbjerg_5272.png
24641,Adam Idah,Ireland,F,9.0,premier_league_data/season_2122/Adam_Idah_24641.png
13554,Kelechi Iheanacho,Nigeria,F,9.0,premier_league_data/season_2122/Kelechi_Iheanacho_13554.png
8245,Danny Ings,England,F,18.0,premier_league_data/season_2122/Danny_Ings_8245.png
66538,Tim Iroegbunam,England,M,42.0,premier_league_data/season_2122/Tim_Iroegbunam_66538.png
24227,Einar Iversen,Norway,M,55.0,premier_league_data/season_2122/Einar_Iversen_24227.png
4717,Alex Iwobi,Nigeria,F,17.0,premier_league_data/season_2122/Alex_Iwobi_4717.png
12212,José Izquierdo,Colombia,F,21.0,premier_league_data/season_2122/José_Izquierdo_12212.png
33056,Jaroslaw Jach,Poland,D,,premier_league_data/season_2122/Jaroslaw_Jach_33056.png
32715,Jack Clarke,England,F,47.0,premier_league_data/season_2122/Jack_Clarke_32715.png
9662,Jacob Murphy,England,M,14.0,premier_league_data/season_2122/Jacob_Murphy_9662.png
15480,Alireza Jahanbakhsh,Iran,F,7.0,premier_league_data/season_2122/Alireza_Jahanbakhsh_15480.png
4786,Eldin Jakupovic,Switzerland,G,1.0,premier_league_data/season_2122/Eldin_Jakupovic_4786.png
14571,Reece James,England,D,24.0,premier_league_data/season_2122/Reece_James_14571.png
23194,Vitaly Janelt,Germany,M,27.0,premier_league_data/season_2122/Vitaly_Janelt_23194.png
52931,Alexandre Jankewitz,Switzerland,M,11.0,premier_league_data/season_2122/Alexandre_Jankewitz_52931.png
12847,Pontus Jansson,Sweden,D,18.0,premier_league_data/season_2122/Pontus_Jansson_12847.png
24807,Vítezslav Jaros,Czech Republic,G,16.0,premier_league_data/season_2122/Vítezslav_Jaros_24807.png
98303,Taylor Jay-Hart,England,M,57.0,
51085,Julian Jeanvier,Guinea,D,92.0,premier_league_data/season_2122/Julian_Jeanvier_51085.png
69289,Jack Jenkins,England,M,20.0,premier_league_data/season_2122/Jack_Jenkins_69289.png
24723,Teddy Jenks,England,M,21.0,premier_league_data/season_2122/Teddy_Jenks_24723.png
49726,Mathias Jensen,Denmark,M,8.0,premier_league_data/season_2122/Mathias_Jensen_49726.png
122872,Jeong Sang-Bin,South Korea,F,,
11071,Raúl Jiménez,Mexico,F,7.0,premier_league_data/season_2122/Raúl_Jiménez_11071.png
5051,João Cancelo,Portugal,D,2.0,premier_league_data/season_2122/João_Cancelo_5051.png
11259,João Moutinho,Portugal,M,8.0,premier_league_data/season_2122/João_Moutinho_11259.png
72371,João Pedro,Brazil,F,9.0,premier_league_data/season_2122/João_Pedro_72371.png
14428,João Virgínia,Portugal,G,12.0,premier_league_data/season_2122/João_Virgínia_14428.png
20607,Joelinton,Brazil,M,7.0,premier_league_data/season_2122/Joelinton_20607.png
23743,Kyle John,England,D,24.0,premier_league_data/season_2122/Kyle_John_23743.png
19880,Tyreece John-Jules,England,F,45.0,
15212,Ben Johnson,England,D,18.0,premier_league_data/season_2122/Ben_Johnson_15212.png
23815,Curtis Jones,England,M,48.0,premier_league_data/season_2122/Curtis_Jones_23815.png
4135,Jonjo Shelvey,England,M,26.0,premier_league_data/season_2122/Jonjo_Shelvey_4135.png
20277,Jonny,Spain,D,19.0,premier_league_data/season_2122/Jonny_20277.png
5682,Jorginho,Italy,M,20.0,premier_league_data/season_2122/Jorginho_5682.png
15715,José Sá,Portugal,G,1.0,premier_league_data/season_2122/José_Sá_15715.png
114485,Josh Feeney,England,D,6.0,premier_league_data/season_2122/Josh_Feeney_114485.png
13515,James Justin,England,D,,premier_league_data/season_2122/James_Justin_13515.png
50165,Ozan Kabak,Turkiye,D,5.0,premier_league_data/season_2122/Ozan_Kabak_50165.png
19605,Christian Kabasele,Belgium,D,27.0,premier_league_data/season_2122/Christian_Kabasele_19605.png
110234,Issa Kaboré,Burkina Faso,D,28.0,premier_league_data/season_2122/Issa_Kaboré_110234.png
21611,Lovre Kalinic,Croatia,G,91.0,premier_league_data/season_2122/Lovre_Kalinic_21611.png
21714,Samuel Kalu,Nigeria,F,28.0,
66590,Abu Kamara,England,F,44.0,premier_league_data/season_2122/Abu_Kamara_66590.png
3960,Harry Kane,England,F,9.0,premier_league_data/season_2122/Harry_Kane_3960.png
13492,N'Golo Kanté,France,M,7.0,premier_league_data/season_2122/NGolo_Kanté_13492.png
108973,Michal Karbownik,Poland,D,8.0,premier_league_data/season_2122/Michal_Karbownik_108973.png
19600,Loris Karius,Germany,G,18.0,premier_league_data/season_2122/Loris_Karius_19600.png
122118,Hayao Kawabe,Japan,M,6.0,premier_league_data/season_2122/Hayao_Kawabe_122118.png
32298,Edo Kayembe,DR Congo,M,39.0,premier_league_data/season_2122/Edo_Kayembe_32298.png
120096,Kayky,Brazil,F,37.0,
20958,Moise Kean,Italy,F,20.0,premier_league_data/season_2122/Moise_Kean_20958.png
4333,Michael Keane,England,D,5.0,premier_league_data/season_2122/Michael_Keane_4333.png
12316,Naby Keïta,Guinea,M,5.0,premier_league_data/season_2122/Naby_Keïta_12316.png
14723,Caoimhín Kelleher,Ireland,G,62.0,premier_league_data/season_2122/Caoimhín_Kelleher_14723.png
3644,Martin Kelly,England,D,34.0,premier_league_data/season_2122/Martin_Kelly_3644.png
13285,Kenedy,Brazil,M,24.0,premier_league_data/season_2122/Kenedy_13285.png
98279,Nohan Kenneh,Liberia,M,42.0,
10449,Jonjoe Kenny,England,D,16.0,premier_league_data/season_2122/Jonjoe_Kenny_10449.png
11373,Kepa,Spain,G,13.0,premier_league_data/season_2122/Kepa_11373.png
53074,Kaine Kesler-Hayden,England,D,,
67899,Reda Khadra,Germany,M,17.0,premier_league_data/season_2122/Reda_Khadra_67899.png
16793,Kiko Casilla,Spain,G,1.0,premier_league_data/season_2122/Kiko_Casilla_16793.png
13522,Maximilian Kilman,England,D,26.0,premier_league_data/season_2122/Maximilian_Kilman_13522.png
3926,Joshua King,Norway,F,13.0,premier_league_data/season_2122/Joshua_King_3926.png
15134,Nya Kirby,England,M,,premier_league_data/season_2122/Nya_Kirby_15134.png
49478,Alex Kirk,England,D,35.0,premier_league_data/season_2122/Alex_Kirk_49478.png
23152,Kristoffer Klaesson,Norway,G,13.0,premier_league_data/season_2122/Kristoffer_Klaesson_23152.png
13089,Mateusz Klich,Poland,M,43.0,premier_league_data/season_2122/Mateusz_Klich_13089.png
12891,Timm Klose,Switzerland,D,25.0,premier_league_data/season_2122/Timm_Klose_12891.png
14693,Josh Knight,England,D,5.0,premier_league_data/season_2122/Josh_Knight_14693.png
26220,Robin Koch,Germany,D,4.0,premier_league_data/season_2122/Robin_Koch_26220.png
5368,Sead Kolasinac,Bosnia & Herzegovina,D,23.0,premier_league_data/season_2122/Sead_Kolasinac_5368.png
23593,Ibrahima Konaté,France,D,5.0,premier_league_data/season_2122/Ibrahima_Konaté_23593.png
13274,Ezri Konsa,England,D,4.0,premier_league_data/season_2122/Ezri_Konsa_13274.png
66564,Billy Koumetio,France,D,,premier_league_data/season_2122/Billy_Koumetio_66564.png
5861,Cheikhou Kouyaté,Senegal,M,8.0,premier_league_data/season_2122/Cheikhou_Kouyaté_5861.png
12520,Mateo Kovacic,Croatia,M,8.0,premier_league_data/season_2122/Mateo_Kovacic_12520.png
35733,Matej Kovár,Czech Republic,G,17.0,premier_league_data/season_2122/Matej_Kovár_35733.png
122119,Kacper Kozlowski,Poland,M,27.0,premier_league_data/season_2122/Kacper_Kozlowski_122119.png
66494,Emil Krafth,Sweden,D,17.0,premier_league_data/season_2122/Emil_Krafth_66494.png
67196,Alex Král,Czech Republic,M,20.0,premier_league_data/season_2122/Alex_Král_67196.png
3169,Tim Krul,Netherlands,G,,premier_league_data/season_2122/Tim_Krul_3169.png
22866,Juraj Kucka,Slovakia,M,33.0,premier_league_data/season_2122/Juraj_Kucka_22866.png
49316,Dejan Kulusevski,Sweden,M,21.0,premier_league_data/season_2122/Dejan_Kulusevski_49316.png
6899,Alexandre Lacazette,France,F,10.0,premier_league_data/season_2122/Alexandre_Lacazette_6899.png
23832,Ethan Laird,England,D,2.0,premier_league_data/season_2122/Ethan_Laird_23832.png
4618,Adam Lallana,England,M,10.0,premier_league_data/season_2122/Adam_Lallana_4618.png
4842,Érik Lamela,Argentina,M,17.0,premier_league_data/season_2122/Érik_Lamela_4842.png
23704,Tariq Lamptey,Ghana,D,,premier_league_data/season_2122/Tariq_Lamptey_23704.png
24702,Daniel Langley,England,G,,premier_league_data/season_2122/Daniel_Langley_24702.png
3049,Henri Lansbury,England,M,12.0,premier_league_data/season_2122/Henri_Lansbury_3049.png
13872,Manuel Lanzini,Argentina,M,10.0,premier_league_data/season_2122/Manuel_Lanzini_13872.png
11044,Aymeric Laporte,Spain,D,27.0,premier_league_data/season_2122/Aymeric_Laporte_11044.png
9257,Jamaal Lascelles,England,D,16.0,
99282,Roméo Lavia,Belgium,M,45.0,premier_league_data/season_2122/Roméo_Lavia_99282.png
23696,Marcel Lavinier,England,D,2.0,premier_league_data/season_2122/Marcel_Lavinier_23696.png
20180,Achraf Lazaar,Morocco,D,23.0,premier_league_data/season_2122/Achraf_Lazaar_20180.png
66222,Zan-Luk Leban,Slovenia,G,,premier_league_data/season_2122/Zan-Luk_Leban_66222.png
25071,Pierre Lees-Melou,France,M,20.0,premier_league_data/season_2122/Pierre_Lees-Melou_25071.png
16607,Florian Lejeune,France,D,24.0,premier_league_data/season_2122/Florian_Lejeune_16607.png
68580,Dexter Lembikisa,Jamaica,D,20.0,premier_league_data/season_2122/Dexter_Lembikisa_68580.png
5583,Mario Lemina,Gabon,M,99.0,premier_league_data/season_2122/Mario_Lemina_5583.png
2270,Aaron Lennon,England,M,17.0,premier_league_data/season_2122/Aaron_Lennon_2270.png
4985,Bernd Leno,Germany,G,1.0,premier_league_data/season_2122/Bernd_Leno_4985.png
12299,Léo Bonatini,Brazil,F,13.0,premier_league_data/season_2122/Léo_Bonatini_12299.png
51777,Marc Leonard,Scotland,M,12.0,premier_league_data/season_2122/Marc_Leonard_51777.png
23784,Thakgalo Leshabela,South Africa,M,18.0,premier_league_data/season_2122/Thakgalo_Leshabela_23784.png
23830,Dylan Levitt,Wales,M,,premier_league_data/season_2122/Dylan_Levitt_23830.png
14938,Jamal Lewis,Northern Ireland,D,6.0,premier_league_data/season_2122/Jamal_Lewis_14938.png
5066,Victor Lindelöf,Sweden,D,2.0,premier_league_data/season_2122/Victor_Lindelöf_5066.png
66516,Hayden Lindley,England,M,20.0,premier_league_data/season_2122/Hayden_Lindley_66516.png
4337,Jesse Lingard,England,M,11.0,premier_league_data/season_2122/Jesse_Lingard_4337.png
49495,Tino Livramento,England,D,21.0,premier_league_data/season_2122/Tino_Livramento_49495.png
5790,Diego Llorente,Spain,D,3.0,premier_league_data/season_2122/Diego_Llorente_5790.png
4664,Hugo Lloris,France,G,1.0,premier_league_data/season_2122/Hugo_Lloris_4664.png
19851,Giovani Lo Celso,Argentina,M,20.0,premier_league_data/season_2122/Giovani_Lo_Celso_19851.png
7124,Jürgen Locadia,Curacao,F,19.0,premier_league_data/season_2122/Jürgen_Locadia_7124.png
5179,Ruben Loftus-Cheek,England,M,8.0,premier_league_data/season_2122/Ruben_Loftus-Cheek_5179.png
8006,Andy Lonergan,England,G,22.0,premier_league_data/season_2122/Andy_Lonergan_8006.png
3837,Kevin Long,Ireland,D,26.0,premier_league_data/season_2122/Kevin_Long_3837.png
20055,Emmanuel Longelo,England,D,45.0,
14897,Sean Longstaff,England,M,36.0,premier_league_data/season_2122/Sean_Longstaff_14897.png
74811,Nigel Lonwijk,Netherlands,D,23.0,
13278,Ademola Lookman,Nigeria,F,11.0,premier_league_data/season_2122/Ademola_Lookman_13278.png
52201,Joel López,Spain,D,35.0,premier_league_data/season_2122/Joel_López_52201.png
12444,Jonas Lössl,Denmark,G,49.0,premier_league_data/season_2122/Jonas_Lössl_12444.png
9826,Louis Thompson,Wales,M,23.0,premier_league_data/season_2122/Louis_Thompson_9826.png
54144,Imrân Louza,Morocco,M,6.0,premier_league_data/season_2122/Imrân_Louza_54144.png
4487,Matthew Lowton,England,D,38.0,premier_league_data/season_2122/Matthew_Lowton_4487.png
5762,Lucas Moura,Brazil,F,,premier_league_data/season_2122/Lucas_Moura_5762.png
4290,Romelu Lukaku,Belgium,F,90.0,premier_league_data/season_2122/Romelu_Lukaku_4290.png
49961,Lyanco,Brazil,D,,premier_league_data/season_2122/Lyanco_49961.png
23948,Brooklyn Lyons-Foster,England,D,2.0,premier_league_data/season_2122/Brooklyn_Lyons-Foster_23948.png
51223,Ian Maatsen,Netherlands,D,22.0,premier_league_data/season_2122/Ian_Maatsen_51223.png
72455,Isaac Mabaya,Zimbabwe,D,52.0,
63633,Alexis Mac Allister,Argentina,M,10.0,premier_league_data/season_2122/Alexis_Mac_Allister_63633.png
43859,Mackenzie Hunt,United Arab Emirates,D,16.0,premier_league_data/season_2122/Mackenzie_Hunt_43859.png
8456,James Maddison,England,M,10.0,premier_league_data/season_2122/James_Maddison_8456.png
23946,Paris Maghoma,England,M,32.0,premier_league_data/season_2122/Paris_Maghoma_23946.png
9566,Harry Maguire,England,D,5.0,premier_league_data/season_2122/Harry_Maguire_9566.png
8983,Riyad Mahrez,Algeria,F,26.0,premier_league_data/season_2122/Riyad_Mahrez_8983.png
10428,Ainsley Maitland-Niles,England,M,98.0,premier_league_data/season_2122/Ainsley_Maitland-Niles_10428.png
71441,Anthony Mancini,France,M,23.0,premier_league_data/season_2122/Anthony_Mancini_71441.png
6519,Sadio Mané,Senegal,F,10.0,premier_league_data/season_2122/Sadio_Mané_6519.png
4918,Javier Manquillo,Spain,D,22.0,premier_league_data/season_2122/Javier_Manquillo_4918.png
16640,Marçal,Brazil,D,21.0,premier_league_data/season_2122/Marçal_16640.png
32925,Marcelo Pitaluga,Brazil,G,45.0,premier_league_data/season_2122/Marcelo_Pitaluga_32925.png
8171,Solly March,England,M,,premier_league_data/season_2122/Solly_March_8171.png
32388,Emiliano Marcondes,Denmark,M,11.0,premier_league_data/season_2122/Emiliano_Marcondes_32388.png
20097,Pablo Marí,Spain,D,18.0,premier_league_data/season_2122/Pablo_Marí_20097.png
23952,Dilan Markanday,England,F,44.0,premier_league_data/season_2122/Dilan_Markanday_23952.png
51692,Filip Marschall,England,G,12.0,premier_league_data/season_2122/Filip_Marschall_51692.png
11272,Anthony Martial,France,F,22.0,premier_league_data/season_2122/Anthony_Martial_11272.png
26977,Josh Martin,England,F,8.0,premier_league_data/season_2122/Josh_Martin_26977.png
4245,Emiliano Martínez,Argentina,G,23.0,premier_league_data/season_2122/Emiliano_Martínez_4245.png
49992,Adam Masina,Morocco,D,3.0,premier_league_data/season_2122/Adam_Masina_49992.png
11284,Arthur Masuaku,DR Congo,D,26.0,premier_league_data/season_2122/Arthur_Masuaku_11284.png
51556,Tawanda Maswanhise,Zimbabwe,M,17.0,premier_league_data/season_2122/Tawanda_Maswanhise_51556.png
4287,Juan Mata,Spain,M,64.0,premier_league_data/season_2122/Juan_Mata_4287.png
20874,Jean-Philippe Mateta,France,F,14.0,premier_league_data/season_2122/Jean-Philippe_Mateta_20874.png
3861,Nemanja Matic,Serbia,M,31.0,premier_league_data/season_2122/Nemanja_Matic_3861.png
5375,Joël Matip,Cameroon,D,32.0,premier_league_data/season_2122/Joël_Matip_5375.png
19862,Matt Smith,England,M,8.0,
10827,Remi Matthews,England,G,,premier_league_data/season_2122/Remi_Matthews_10827.png
14903,Matty Longstaff,England,M,25.0,premier_league_data/season_2122/Matty_Longstaff_14903.png
16256,Neal Maupay,France,F,8.0,premier_league_data/season_2122/Neal_Maupay_16256.png
32638,Konstantinos Mavropanos,Greece,D,15.0,premier_league_data/season_2122/Konstantinos_Mavropanos_32638.png
64460,Luke Mbete,England,D,21.0,premier_league_data/season_2122/Luke_Mbete_64460.png
66360,Bryan Mbeumo,Cameroon,M,19.0,premier_league_data/season_2122/Bryan_Mbeumo_66360.png
69546,Xavier Mbuyamba,Netherlands,D,31.0,premier_league_data/season_2122/Xavier_Mbuyamba_69546.png
66707,Reece McAlear,Scotland,M,23.0,premier_league_data/season_2122/Reece_McAlear_66707.png
4224,James McArthur,Scotland,M,,premier_league_data/season_2122/James_McArthur_4224.png
49270,James McAtee,England,M,28.0,premier_league_data/season_2122/James_McAtee_49270.png
51553,Kasey McAteer,Ireland,M,19.0,premier_league_data/season_2122/Kasey_McAteer_51553.png
52903,Sam McCallum,England,D,3.0,
53270,Alfie McCalmont,Northern Ireland,M,10.0,
52613,Liam McCarron,Scotland,M,17.0,
3979,James McCarthy,Ireland,M,16.0,premier_league_data/season_2122/James_McCarthy_3979.png
23853,Jon McCracken,Scotland,G,21.0,premier_league_data/season_2122/Jon_McCracken_23853.png
20961,Tom McGill,Canada,G,38.0,premier_league_data/season_2122/Tom_McGill_20961.png
51423,John McGinn,Scotland,M,7.0,premier_league_data/season_2122/John_McGinn_51423.png
78239,Joseph McGlynn,Scotland,F,,
19675,Michael McGovern,Northern Ireland,G,12.0,premier_league_data/season_2122/Michael_McGovern_19675.png
69288,Stuart McKinstry,Scotland,M,17.0,
33061,Kenny McLean,Scotland,M,,premier_league_data/season_2122/Kenny_McLean_33061.png
24797,Dwight McNeil,England,F,7.0,premier_league_data/season_2122/Dwight_McNeil_24797.png
14824,Scott McTominay,Scotland,M,39.0,premier_league_data/season_2122/Scott_McTominay_14824.png
3909,Ben Mee,England,D,16.0,premier_league_data/season_2122/Ben_Mee_3909.png
68593,Hannibal Mejbri,Tunisia,M,28.0,premier_league_data/season_2122/Hannibal_Mejbri_68593.png
54889,Édouard Mendy,Senegal,G,16.0,premier_league_data/season_2122/Édouard_Mendy_54889.png
27090,Teden Mengi,England,D,15.0,premier_league_data/season_2122/Teden_Mengi_27090.png
66378,Illan Meslier,France,G,1.0,premier_league_data/season_2122/Illan_Meslier_66378.png
13280,Matt Miazga,United States,D,21.0,premier_league_data/season_2122/Matt_Miazga_13280.png
5859,Luka Milivojevic,Serbia,M,4.0,premier_league_data/season_2122/Luka_Milivojevic_5859.png
2100,James Milner,England,M,6.0,premier_league_data/season_2122/James_Milner_2100.png
32923,Yerry Mina,Colombia,D,26.0,premier_league_data/season_2122/Yerry_Mina_32923.png
12322,Takumi Minamino,Japan,M,18.0,premier_league_data/season_2122/Takumi_Minamino_12322.png
8900,Tyrone Mings,England,D,5.0,premier_league_data/season_2122/Tyrone_Mings_8900.png
16270,Rafa Mir,Spain,F,11.0,premier_league_data/season_2122/Rafa_Mir_16270.png
24334,Tyrick Mitchell,England,D,39.0,premier_league_data/season_2122/Tyrick_Mitchell_24334.png
117732,Kaoru Mitoma,Japan,F,18.0,premier_league_data/season_2122/Kaoru_Mitoma_117732.png
21774,Jan Mlakar,Slovenia,F,29.0,
108751,Jakub Moder,Poland,M,7.0,premier_league_data/season_2122/Jakub_Moder_108751.png
5239,Mohamed Elneny,Egypt,M,15.0,premier_league_data/season_2122/Mohamed_Elneny_5239.png
5178,Mohamed Salah,Egypt,F,11.0,premier_league_data/season_2122/Mohamed_Salah_5178.png
15293,Jayson Molumby,Ireland,M,8.0,premier_league_data/season_2122/Jayson_Molumby_15293.png
115025,Jacob Montes,Nicaragua,M,32.0,
92722,Kris Moore,England,D,52.0,
92706,Andrew Moran,Ireland,M,24.0,premier_league_data/season_2122/Andrew_Moran_92706.png
64281,Pablo Moreno,Spain,F,24.0,
8966,Wes Morgan,Jamaica,D,5.0,premier_league_data/season_2122/Wes_Morgan_8966.png
25269,James Morris,England,D,22.0,premier_league_data/season_2122/James_Morris_25269.png
51574,Tyler Morton,England,M,15.0,premier_league_data/season_2122/Tyler_Morton_51574.png
3983,Victor Moses,Nigeria,M,7.0,premier_league_data/season_2122/Victor_Moses_3983.png
115114,Yerson Mosquera,Colombia,D,2.0,premier_league_data/season_2122/Yerson_Mosquera_115114.png
23824,Louie Moulden,England,G,1.0,
14580,Mason Mount,England,M,7.0,premier_league_data/season_2122/Mason_Mount_14580.png
23903,Bali Mumba,England,D,2.0,premier_league_data/season_2122/Bali_Mumba_23903.png
75991,Joel Mumbongo,Sweden,F,25.0,premier_league_data/season_2122/Joel_Mumbongo_75991.png
51610,Romaine Mundle,England,M,,premier_league_data/season_2122/Romaine_Mundle_51610.png
19911,Arijanet Muric,Kosovo,G,1.0,premier_league_data/season_2122/Arijanet_Muric_19911.png
4772,Glenn Murray,England,F,25.0,premier_league_data/season_2122/Glenn_Murray_4772.png
11147,Charly Musonda,Belgium,M,21.0,premier_league_data/season_2122/Charly_Musonda_11147.png
20196,Yoshinori Muto,Japan,F,11.0,premier_league_data/season_2122/Yoshinori_Muto_20196.png
25467,Enock Mwepu,Zambia,M,8.0,premier_league_data/season_2122/Enock_Mwepu_25467.png
24983,Vitalii Mykolenko,Ukraine,D,19.0,premier_league_data/season_2122/Vitalii_Mykolenko_24983.png
45351,Marvelous Nakamba,Zimbabwe,M,13.0,premier_league_data/season_2122/Marvelous_Nakamba_45351.png
14577,Richard Nartey,England,D,,premier_league_data/season_2122/Richard_Nartey_14577.png
22651,Marc Navarro,Spain,D,2.0,premier_league_data/season_2122/Marc_Navarro_22651.png
20479,Wilfred Ndidi,Nigeria,M,6.0,premier_league_data/season_2122/Wilfred_Ndidi_20479.png
25329,Tanguy Ndombélé,France,M,22.0,premier_league_data/season_2122/Tanguy_Ndombélé_25329.png
14450,Reiss Nelson,England,F,19.0,premier_league_data/season_2122/Reiss_Nelson_14450.png
16642,Nélson Semedo,Portugal,D,2.0,premier_league_data/season_2122/Nélson_Semedo_16642.png
20064,Jeremy Ngakia,DR Congo,D,2.0,premier_league_data/season_2122/Jeremy_Ngakia_20064.png
4931,Saúl Ñíguez,Spain,M,17.0,premier_league_data/season_2122/Saúl_Ñíguez_4931.png
14451,Eddie Nketiah,England,F,9.0,premier_league_data/season_2122/Eddie_Nketiah_14451.png
5570,Nicolas Nkoulou,Cameroon,D,33.0,premier_league_data/season_2122/Nicolas_Nkoulou_5570.png
76258,Niels Nkounkou,France,D,29.0,premier_league_data/season_2122/Niels_Nkounkou_76258.png
15019,Dan Nlundulu,England,F,9.0,premier_league_data/season_2122/Dan_Nlundulu_15019.png
19922,Felix Nmecha,Germany,M,8.0,premier_league_data/season_2122/Felix_Nmecha_19922.png
3014,Mark Noble,England,M,16.0,premier_league_data/season_2122/Mark_Noble_3014.png
23556,Mathias Normann,Norway,M,16.0,premier_league_data/season_2122/Mathias_Normann_23556.png
8293,Will Norris,England,G,50.0,premier_league_data/season_2122/Will_Norris_8293.png
66094,Nuno Tavares,Portugal,D,30.0,premier_league_data/season_2122/Nuno_Tavares_66094.png
51416,Ørjan Nyland,Norway,G,13.0,premier_league_data/season_2122/Ørjan_Nyland_51416.png
42331,Christian Nørgaard,Denmark,M,6.0,premier_league_data/season_2122/Christian_Nørgaard_42331.png
90664,Kane O'Connor,Scotland,D,35.0,
107844,Tommi O'Reilly,England,M,18.0,
21532,Michael Obafemi,Ireland,F,14.0,premier_league_data/season_2122/Michael_Obafemi_21532.png
64069,Mipo Odubeko,Ireland,F,20.0,
66522,Chituru Odunze,United States,G,51.0,premier_league_data/season_2122/Chituru_Odunze_66522.png
33342,Odeluga Offiah,England,D,24.0,premier_league_data/season_2122/Odeluga_Offiah_33342.png
5514,Angelo Ogbonna,Italy,D,21.0,premier_league_data/season_2122/Angelo_Ogbonna_5514.png
49264,Mazeed Ogungbo,Ireland,D,3.0,premier_league_data/season_2122/Mazeed_Ogungbo_49264.png
10543,Sheyi Ojo,England,F,54.0,premier_league_data/season_2122/Sheyi_Ojo_10543.png
66557,Jakub Ojrzynski,Poland,G,75.0,premier_league_data/season_2122/Jakub_Ojrzynski_66557.png
24823,Armstrong Oko-Flex,Ireland,F,21.0,
23650,Arthur Okonkwo,England,G,1.0,premier_league_data/season_2122/Arthur_Okonkwo_23650.png
76024,Maduka Okoye,Nigeria,G,35.0,
53741,Jaakko Oksanen,Finland,M,16.0,
66225,Kazeem Olaigbe,Belgium,F,19.0,
32989,Michael Olise,France,M,17.0,premier_league_data/season_2122/Michael_Olise_32989.png
11224,Robin Olsen,Sweden,G,25.0,premier_league_data/season_2122/Robin_Olsen_11224.png
23941,Josh Oluwayemi,Nigeria,G,13.0,premier_league_data/season_2122/Josh_Oluwayemi_23941.png
53085,Andrew Omobamidele,Ireland,D,2.0,premier_league_data/season_2122/Andrew_Omobamidele_53085.png
14455,Tobi Omole,England,D,,premier_league_data/season_2122/Tobi_Omole_14455.png
26689,Tyrese Omotoye,Belgium,F,14.0,premier_league_data/season_2122/Tyrese_Omotoye_26689.png
53610,Akos Ónodi,Hungary,G,,premier_league_data/season_2122/Akos_Ónodi_53610.png
51510,Tyler Onyango,England,M,24.0,premier_league_data/season_2122/Tyler_Onyango_51510.png
108612,Frank Onyeka,Nigeria,M,19.0,premier_league_data/season_2122/Frank_Onyeka_108612.png
10465,Divock Origi,Belgium,F,27.0,premier_league_data/season_2122/Divock_Origi_10465.png
23994,Owen Otasowie,United States,M,8.0,premier_league_data/season_2122/Owen_Otasowie_23994.png
92734,Salah-Eddine Oulad M'hand,Netherlands,M,10.0,premier_league_data/season_2122/Salah-Eddine_Oulad_Mhand_92734.png
14909,Aston Oxborough,England,G,13.0,premier_league_data/season_2122/Aston_Oxborough_14909.png
4252,Alex Oxlade-Chamberlain,England,M,15.0,premier_league_data/season_2122/Alex_Oxlade-Chamberlain_4252.png
49489,Daniel Oyegoke,England,D,5.0,premier_league_data/season_2122/Daniel_Oyegoke_49489.png
4654,Pablo Hernández,Spain,M,19.0,premier_league_data/season_2122/Pablo_Hernández_4654.png
49293,Cole Palmer,England,M,20.0,premier_league_data/season_2122/Cole_Palmer_49293.png
16467,Erik Palmer-Brown,United States,D,14.0,
14984,Adam Parkes,England,G,32.0,
43856,Troy Parrott,Ireland,F,9.0,premier_league_data/season_2122/Troy_Parrott_43856.png
4936,Thomas Partey,Ghana,M,5.0,premier_league_data/season_2122/Thomas_Partey_4936.png
108924,Maksim Paskotsi,Estonia,D,26.0,premier_league_data/season_2122/Maksim_Paskotsi_108924.png
49490,Charlie Patino,England,M,18.0,
74585,Nathan Patterson,Scotland,D,,premier_league_data/season_2122/Nathan_Patterson_74585.png
13485,Bailey Peacock-Farrell,Northern Ireland,G,45.0,premier_league_data/season_2122/Bailey_Peacock-Farrell_13485.png
49494,Myles Peart-Harris,England,M,25.0,premier_league_data/season_2122/Myles_Peart-Harris_49494.png
21998,Pedro Neto,Portugal,F,7.0,premier_league_data/season_2122/Pedro_Neto_21998.png
108972,Facundo Pellistri,Uruguay,F,28.0,premier_league_data/season_2122/Facundo_Pellistri_108972.png
13825,Adalberto Peñaranda,Venezuela,F,7.0,premier_league_data/season_2122/Adalberto_Peñaranda_13825.png
50252,Nicolas Pépé,Cote D’Ivoire,F,19.0,premier_league_data/season_2122/Nicolas_Pépé_50252.png
10487,Ayoze Pérez,Spain,F,22.0,premier_league_data/season_2122/Ayoze_Pérez_10487.png
5181,Stipe Perica,Croatia,F,77.0,
69617,Sonny Perkins,England,F,20.0,premier_league_data/season_2122/Sonny_Perkins_69617.png
21495,Romain Perraud,France,D,15.0,premier_league_data/season_2122/Romain_Perraud_21495.png
20079,Taylor Perry,England,M,14.0,
4525,Philippe Coutinho,Brazil,M,23.0,premier_league_data/season_2122/Philippe_Coutinho_4525.png
10768,Kalvin Phillips,England,M,8.0,premier_league_data/season_2122/Kalvin_Phillips_10768.png
64519,Jaden Philogene,England,F,29.0,
4640,Jordan Pickford,England,G,1.0,premier_league_data/season_2122/Jordan_Pickford_4640.png
4821,Erik Pieters,Netherlands,D,33.0,premier_league_data/season_2122/Erik_Pieters_4821.png
22043,Ethan Pinnock,Jamaica,D,,premier_league_data/season_2122/Ethan_Pinnock_22043.png
32700,Przemyslaw Placheta,Poland,M,7.0,premier_league_data/season_2122/Przemyslaw_Placheta_32700.png
49476,Luke Plange,England,F,9.0,premier_league_data/season_2122/Luke_Plange_49476.png
24645,Maurizio Pochettino,Spain,F,16.0,premier_league_data/season_2122/Maurizio_Pochettino_24645.png
3920,Paul Pogba,France,M,10.0,premier_league_data/season_2122/Paul_Pogba_3920.png
53313,Mattie Pollock,England,D,4.0,
10079,Nick Pope,England,G,22.0,premier_league_data/season_2122/Nick_Pope_10079.png
32229,Pedro Porro,Spain,D,23.0,premier_league_data/season_2122/Pedro_Porro_32229.png
66560,Freddie Potts,England,M,8.0,premier_league_data/season_2122/Freddie_Potts_66560.png
19929,Ian Poveda,Colombia,F,,premier_league_data/season_2122/Ian_Poveda_19929.png
19923,Iker Pozo,Spain,M,,premier_league_data/season_2122/Iker_Pozo_19923.png
5860,Dennis Praet,Belgium,M,8.0,premier_league_data/season_2122/Dennis_Praet_5860.png
23653,Aaron Pressley,Scotland,F,33.0,premier_league_data/season_2122/Aaron_Pressley_23653.png
70216,Isaac Price,Northern Ireland,M,21.0,premier_league_data/season_2122/Isaac_Price_70216.png
16790,Davy Pröpper,Netherlands,M,14.0,premier_league_data/season_2122/Davy_Pröpper_16790.png
5169,Teemu Pukki,Finland,F,20.0,premier_league_data/season_2122/Teemu_Pukki_5169.png
15559,Christian Pulisic,United States,M,11.0,premier_league_data/season_2122/Christian_Pulisic_15559.png
50960,Ignacio Pussetto,Argentina,F,18.0,premier_league_data/season_2122/Ignacio_Pussetto_50960.png
51557,Jarell Quansah,England,D,5.0,premier_league_data/season_2122/Jarell_Quansah_51557.png
36972,Xavi Quintillá,Spain,D,19.0,
21760,Luka Racic,Denmark,D,4.0,premier_league_data/season_2122/Luka_Racic_21760.png
66518,Arjan Raikhy,England,M,,
49504,Jesurun Rak-Sakyi,England,M,11.0,premier_league_data/season_2122/Jesurun_Rak-Sakyi_49504.png
24001,Kayne Ramsay,England,D,2.0,premier_league_data/season_2122/Kayne_Ramsay_24001.png
13703,Aaron Ramsdale,England,G,30.0,premier_league_data/season_2122/Aaron_Ramsdale_13703.png
19888,Jacob Ramsey,England,M,41.0,premier_league_data/season_2122/Jacob_Ramsey_19888.png
2216,Darren Randolph,Ireland,G,12.0,premier_league_data/season_2122/Darren_Randolph_2216.png
24156,Raphinha,Brazil,F,11.0,premier_league_data/season_2122/Raphinha_24156.png
13565,Marcus Rashford,England,F,9.0,premier_league_data/season_2122/Marcus_Rashford_13565.png
24128,Milot Rashica,Kosovo,M,7.0,premier_league_data/season_2122/Milot_Rashica_24128.png
7975,David Raya,Spain,G,22.0,premier_league_data/season_2122/David_Raya_7975.png
3811,Nathan Redmond,England,M,15.0,premier_league_data/season_2122/Nathan_Redmond_3811.png
39606,Sergio Reguilón,Spain,D,12.0,
4209,Winston Reid,New Zealand,D,23.0,premier_league_data/season_2122/Winston_Reid_4209.png
76427,Omar Rekik,Tunisia,D,60.0,
5343,Ricardo Pereira,Portugal,D,21.0,premier_league_data/season_2122/Ricardo_Pereira_5343.png
15202,Declan Rice,England,M,41.0,premier_league_data/season_2122/Declan_Rice_15202.png
19928,Taylor Richards,England,M,17.0,premier_league_data/season_2122/Taylor_Richards_19928.png
67198,Lewis Richardson,England,M,,premier_league_data/season_2122/Lewis_Richardson_67198.png
24630,Richarlison,Brazil,F,9.0,premier_league_data/season_2122/Richarlison_24630.png
4878,Jairo Riedewald,Netherlands,M,4.0,premier_league_data/season_2122/Jairo_Riedewald_4878.png
3934,Matt Ritchie,Scotland,M,30.0,premier_league_data/season_2122/Matt_Ritchie_3934.png
13511,Roberto Firmino,Brazil,F,9.0,premier_league_data/season_2122/Roberto_Firmino_13511.png
24809,Haydon Roberts,England,D,24.0,premier_league_data/season_2122/Haydon_Roberts_24809.png
10458,Andy Robertson,Scotland,D,26.0,premier_league_data/season_2122/Andy_Robertson_10458.png
13796,Joe Rodon,Wales,D,6.0,premier_league_data/season_2122/Joe_Rodon_13796.png
16286,Rodri,Spain,M,16.0,premier_league_data/season_2122/Rodri_16286.png
4095,Rodrigo,Spain,F,19.0,premier_league_data/season_2122/Rodrigo_4095.png
3851,Jay Rodriguez,England,F,16.0,premier_league_data/season_2122/Jay_Rodriguez_3851.png
21297,Mads Roerslev,Denmark,D,5.0,premier_league_data/season_2122/Mads_Roerslev_21297.png
23968,Morgan Rogers,England,F,27.0,premier_league_data/season_2122/Morgan_Rogers_23968.png
13555,Sergio Romero,Argentina,G,1.0,premier_league_data/season_2122/Sergio_Romero_13555.png
4286,Oriol Romeu,Spain,M,14.0,premier_league_data/season_2122/Oriol_Romeu_4286.png
13901,Connor Ronan,Ireland,M,20.0,premier_league_data/season_2122/Connor_Ronan_13901.png
6030,Salomón Rondón,Venezuela,F,23.0,premier_league_data/season_2122/Salomón_Rondón_6030.png
3507,Danny Rose,England,D,3.0,premier_league_data/season_2122/Danny_Rose_3507.png
65782,Jonathan Rowe,England,F,17.0,premier_league_data/season_2122/Jonathan_Rowe_65782.png
16431,Rúben Dias,Portugal,D,3.0,premier_league_data/season_2122/Rúben_Dias_16431.png
11180,Rúben Neves,Portugal,M,8.0,premier_league_data/season_2122/Rúben_Neves_11180.png
20171,Rúben Vinagre,Portugal,D,19.0,premier_league_data/season_2122/Rúben_Vinagre_20171.png
2896,John Ruddy,England,G,26.0,premier_league_data/season_2122/John_Ruddy_2896.png
16801,Antonio Rüdiger,Germany,D,22.0,premier_league_data/season_2122/Antonio_Rüdiger_16801.png
11341,Rui Patrício,Portugal,G,28.0,premier_league_data/season_2122/Rui_Patrício_11341.png
49716,Rúnar Rúnarsson,Iceland,G,31.0,premier_league_data/season_2122/Rúnar_Rúnarsson_49716.png
25203,Lukas Rupp,Germany,M,7.0,premier_league_data/season_2122/Lukas_Rupp_25203.png
12192,Mathew Ryan,Australia,G,30.0,premier_league_data/season_2122/Mathew_Ryan_12192.png
12817,Allan Saint-Maximin,France,F,97.0,premier_league_data/season_2122/Allan_Saint-Maximin_12817.png
20745,Romain Saïss,Morocco,D,14.0,premier_league_data/season_2122/Romain_Saïss_20745.png
6251,Henri Saivet,Senegal,M,,premier_league_data/season_2122/Henri_Saivet_6251.png
49481,Bukayo Saka,England,F,77.0,premier_league_data/season_2122/Bukayo_Saka_49481.png
4796,Mamadou Sakho,France,D,75.0,premier_league_data/season_2122/Mamadou_Sakho_4796.png
66204,William Saliba,France,D,2.0,premier_league_data/season_2122/William_Saliba_66204.png
51775,Mohammed Salisu,Ghana,D,22.0,premier_league_data/season_2122/Mohammed_Salisu_51775.png
20490,Mbwana Samatta,Tanzania,F,70.0,premier_league_data/season_2122/Mbwana_Samatta_20490.png
31861,Albert Sambi Lokonga,Belgium,M,12.0,premier_league_data/season_2122/Albert_Sambi_Lokonga_31861.png
47181,Samir,Brazil,D,22.0,premier_league_data/season_2122/Samir_47181.png
14538,Robert Sánchez,Spain,G,1.0,premier_league_data/season_2122/Robert_Sánchez_14538.png
14801,Jadon Sancho,England,F,19.0,premier_league_data/season_2122/Jadon_Sancho_14801.png
15218,Dion Sanderson,England,D,31.0,premier_league_data/season_2122/Dion_Sanderson_15218.png
33238,Philippe Sandler,Netherlands,D,13.0,premier_league_data/season_2122/Philippe_Sandler_33238.png
25068,Morgan Sanson,France,M,11.0,premier_league_data/season_2122/Morgan_Sanson_25068.png
51209,Josh Sargent,United States,F,9.0,premier_league_data/season_2122/Josh_Sargent_51209.png
14463,Matija Sarkic,Montenegro,G,20.0,premier_league_data/season_2122/Matija_Sarkic_14463.png
68857,Jeremy Sarmiento,Ecuador,M,7.0,premier_league_data/season_2122/Jeremy_Sarmiento_68857.png
20499,Malang Sarr,France,D,20.0,
69417,Charlie Savage,Wales,M,8.0,
66570,Dane Scarlett,England,F,44.0,premier_league_data/season_2122/Dane_Scarlett_66570.png
5220,Fabian Schär,Switzerland,D,,premier_league_data/season_2122/Fabian_Schär_5220.png
67189,Kjell Scherpen,Netherlands,G,1.0,premier_league_data/season_2122/Kjell_Scherpen_67189.png
8980,Jeffrey Schlupp,Ghana,M,15.0,premier_league_data/season_2122/Jeffrey_Schlupp_8980.png
2508,Kasper Schmeichel,Denmark,G,1.0,premier_league_data/season_2122/Kasper_Schmeichel_2508.png
25089,Ken Sema,Sweden,M,12.0,premier_league_data/season_2122/Ken_Sema_25089.png
14656,Ryan Sessegnon,England,M,30.0,premier_league_data/season_2122/Ryan_Sessegnon_14656.png
19844,Meritan Shabani,Germany,M,38.0,premier_league_data/season_2122/Meritan_Shabani_19844.png
14393,Jamie Shackleton,England,D,,premier_league_data/season_2122/Jamie_Shackleton_14393.png
5267,Xherdan Shaqiri,Switzerland,M,29.0,premier_league_data/season_2122/Xherdan_Shaqiri_5267.png
70241,Teddy Sharman-Lowe,England,G,19.0,
4608,Luke Shaw,England,D,23.0,premier_league_data/season_2122/Luke_Shaw_4608.png
75201,Shea Charles,Northern Ireland,M,44.0,premier_league_data/season_2122/Shea_Charles_75201.png
23914,Nathan Shepperd,Wales,G,41.0,
64142,Shola Shoretire,England,F,47.0,premier_league_data/season_2122/Shola_Shoretire_64142.png
23797,Sidnei Tavares,Portugal,M,,premier_league_data/season_2122/Sidnei_Tavares_23797.png
72119,Francisco Sierralta,Chile,D,3.0,premier_league_data/season_2122/Francisco_Sierralta_72119.png
4421,Gylfi Sigurdsson,Iceland,M,32.0,premier_league_data/season_2122/Gylfi_Sigurdsson_4421.png
108851,Abdallah Sima,Senegal,F,17.0,premier_league_data/season_2122/Abdallah_Sima_108851.png
25529,Dynel Simeu,England,D,29.0,premier_league_data/season_2122/Dynel_Simeu_25529.png
19925,Ellis Simms,England,F,9.0,premier_league_data/season_2122/Ellis_Simms_19925.png
49502,Xavier Simons,England,M,7.0,premier_league_data/season_2122/Xavier_Simons_49502.png
52017,Danel Sinani,Luxembourg,M,25.0,
52202,Viljami Sinisalo,Finland,G,12.0,premier_league_data/season_2122/Viljami_Sinisalo_52202.png
4549,Moussa Sissoko,France,M,17.0,premier_league_data/season_2122/Moussa_Sissoko_4549.png
74743,Melvin Sitti,France,M,28.0,
21413,Oliver Skipp,England,M,22.0,premier_league_data/season_2122/Oliver_Skipp_21413.png
53075,Cieran Slicker,Scotland,G,13.0,premier_league_data/season_2122/Cieran_Slicker_53075.png
75104,Thierry Small,England,D,26.0,premier_league_data/season_2122/Thierry_Small_75104.png
14997,Will Smallbone,Ireland,M,18.0,premier_league_data/season_2122/Will_Smallbone_14997.png
23901,Tom Smith,England,G,12.0,premier_league_data/season_2122/Tom_Smith_23901.png
14445,Emile Smith Rowe,England,M,32.0,premier_league_data/season_2122/Emile_Smith_Rowe_14445.png
32998,Harrison Sohna,England,M,,premier_league_data/season_2122/Harrison_Sohna_32998.png
4999,Son Heung-Min,South Korea,F,7.0,premier_league_data/season_2122/Son_Heung-Min_4999.png
49158,Andreas Söndergaard,Denmark,G,27.0,premier_league_data/season_2122/Andreas_Söndergaard_49158.png
68634,Jude Soonsup-Bell,England,F,19.0,
76262,Sebastian Soto,United States,F,11.0,
25183,Tomás Soucek,Czech Republic,M,28.0,premier_league_data/season_2122/Tomás_Soucek_25183.png
50247,Boubakary Soumaré,France,M,24.0,premier_league_data/season_2122/Boubakary_Soumaré_50247.png
110255,Kamal Sowah,Ghana,M,18.0,premier_league_data/season_2122/Kamal_Sowah_110255.png
26216,Çaglar Söyüncü,Turkiye,D,4.0,premier_league_data/season_2122/Çaglar_Söyüncü_26216.png
24722,Jack Spong,England,M,8.0,premier_league_data/season_2122/Jack_Spong_24722.png
35741,Tony Springett,Ireland,F,28.0,premier_league_data/season_2122/Tony_Springett_35741.png
3457,Jason Steele,England,G,,premier_league_data/season_2122/Jason_Steele_3457.png
4348,Jed Steer,England,G,31.0,premier_league_data/season_2122/Jed_Steer_4348.png
54392,Zack Steffen,United States,G,1.0,premier_league_data/season_2122/Zack_Steffen_54392.png
8168,Dale Stephens,England,M,16.0,premier_league_data/season_2122/Dale_Stephens_8168.png
14572,Dujon Sterling,England,D,21.0,premier_league_data/season_2122/Dujon_Sterling_14572.png
49477,Fin Stevens,Wales,D,15.0,premier_league_data/season_2122/Fin_Stevens_49477.png
32288,Toby Stevenson,England,D,3.0,
51561,Layton Stewart,England,F,17.0,premier_league_data/season_2122/Layton_Stewart_51561.png
23199,Marco Stiepermann,Germany,F,22.0,premier_league_data/season_2122/Marco_Stiepermann_23199.png
25444,Jakub Stolarczyk,Poland,G,41.0,premier_league_data/season_2122/Jakub_Stolarczyk_25444.png
4505,John Stones,England,D,5.0,premier_league_data/season_2122/John_Stones_4505.png
109735,James Storer,Ireland,G,48.0,
49152,Rob Street,England,F,9.0,premier_league_data/season_2122/Rob_Street_49152.png
33124,Pascal Struijk,Netherlands,D,21.0,premier_league_data/season_2122/Pascal_Struijk_33124.png
19618,Isaac Success,Nigeria,F,90.0,premier_league_data/season_2122/Isaac_Success_19618.png
92693,Thanawat Suengchitthawon,Thailand,M,48.0,
65961,Crysencio Summerville,Netherlands,F,7.0,premier_league_data/season_2122/Crysencio_Summerville_65961.png
19874,Zak Swanson,England,D,22.0,
98302,Sil Swinkels,Netherlands,D,25.0,
51638,Kamarai Swyer,England,M,24.0,premier_league_data/season_2122/Kamarai_Swyer_51638.png
76261,Jacob Sørensen,Denmark,M,19.0,premier_league_data/season_2122/Jacob_Sørensen_76261.png
19893,Michael Tait,England,F,45.0,premier_league_data/season_2122/Michael_Tait_19893.png
15116,Japhet Tanganga,England,D,6.0,premier_league_data/season_2122/Japhet_Tanganga_15116.png
4815,Matt Targett,England,D,,premier_league_data/season_2122/Matt_Targett_4815.png
8143,James Tarkowski,England,D,6.0,premier_league_data/season_2122/James_Tarkowski_8143.png
40320,Percy Tau,South Africa,F,10.0,premier_league_data/season_2122/Percy_Tau_40320.png
4402,Neil Taylor,Wales,D,3.0,premier_league_data/season_2122/Neil_Taylor_4402.png
35781,Allan Tchaptchet,France,D,21.0,
70755,Teddy Rowe,England,M,73.0,
92692,Slobodan Tedic,Serbia,F,30.0,
14452,Nathan Tella,Nigeria,M,19.0,premier_league_data/season_2122/Nathan_Tella_14452.png
5754,Thiago Silva,Brazil,D,6.0,premier_league_data/season_2122/Thiago_Silva_5754.png
63836,Bobby Thomas,England,D,4.0,premier_league_data/season_2122/Bobby_Thomas_63836.png
19869,Dominic Thompson,England,D,16.0,premier_league_data/season_2122/Dominic_Thompson_19869.png
5865,Youri Tielemans,Belgium,M,8.0,premier_league_data/season_2122/Youri_Tielemans_5865.png
12185,Kieran Tierney,Scotland,D,17.0,premier_league_data/season_2122/Kieran_Tierney_12185.png
115169,Takehiro Tomiyasu,Japan,D,,premier_league_data/season_2122/Takehiro_Tomiyasu_115169.png
3517,James Tomkins,England,D,5.0,premier_league_data/season_2122/James_Tomkins_3517.png
66588,Jonathan Tomkinson,United States,D,,premier_league_data/season_2122/Jonathan_Tomkinson_66588.png
13281,Fikayo Tomori,England,D,23.0,premier_league_data/season_2122/Fikayo_Tomori_13281.png
9246,Ivan Toney,England,F,17.0,premier_league_data/season_2122/Ivan_Toney_9246.png
23033,Lucas Torreira,Uruguay,M,34.0,premier_league_data/season_2122/Lucas_Torreira_23033.png
43098,Ferran Torres,Spain,F,7.0,premier_league_data/season_2122/Ferran_Torres_43098.png
12114,Cenk Tosun,Turkiye,F,23.0,premier_league_data/season_2122/Cenk_Tosun_12114.png
92635,Toti Gomes,Portugal,D,24.0,premier_league_data/season_2122/Toti_Gomes_92635.png
3724,Andros Townsend,England,M,30.0,premier_league_data/season_2122/Andros_Townsend_3724.png
32280,James Trafford,England,G,1.0,premier_league_data/season_2122/James_Trafford_32280.png
10394,Bertrand Traoré,Burkina Faso,F,20.0,premier_league_data/season_2122/Bertrand_Traoré_10394.png
16087,Trézéguet,Egypt,M,10.0,premier_league_data/season_2122/Trézéguet_16087.png
67454,Trincão,Portugal,F,17.0,premier_league_data/season_2122/Trincão_67454.png
3905,Kieran Trippier,England,D,,premier_league_data/season_2122/Kieran_Trippier_3905.png
21612,William Troost-Ekong,Nigeria,D,15.0,premier_league_data/season_2122/William_Troost-Ekong_21612.png
20486,Leandro Trossard,Belgium,F,19.0,premier_league_data/season_2122/Leandro_Trossard_20486.png
20051,Nathan Trott,England,G,1.0,premier_league_data/season_2122/Nathan_Trott_20051.png
54831,Auston Trusty,United States,D,6.0,premier_league_data/season_2122/Auston_Trusty_54831.png
24412,Tom Trybull,Germany,M,46.0,premier_league_data/season_2122/Tom_Trybull_24412.png
16006,Kostas Tsimikas,Greece,D,21.0,premier_league_data/season_2122/Kostas_Tsimikas_16006.png
51484,Antef Tsoungui,Belgium,D,3.0,premier_league_data/season_2122/Antef_Tsoungui_51484.png
13559,Axel Tuanzebe,DR Congo,D,40.0,premier_league_data/season_2122/Axel_Tuanzebe_13559.png
15791,Ozan Tufan,Turkiye,M,11.0,premier_league_data/season_2122/Ozan_Tufan_15791.png
49173,Ed Turns,Wales,D,20.0,premier_league_data/season_2122/Ed_Turns_49173.png
43940,Harry Tyrer,England,G,30.0,premier_league_data/season_2122/Harry_Tyrer_43940.png
67704,Christos Tzolis,Greece,F,8.0,premier_league_data/season_2122/Christos_Tzolis_67704.png
14593,Iké Ugbo,Canada,F,12.0,
114957,Deniz Undav,Germany,F,26.0,premier_league_data/season_2122/Deniz_Undav_114957.png
23612,Cengiz Ünder,Turkiye,F,22.0,premier_league_data/season_2122/Cengiz_Ünder_23612.png
67201,Harvey Vale,England,M,,
37931,Joel Valencia,Ecuador,F,9.0,premier_league_data/season_2122/Joel_Valencia_37931.png
15011,Yan Valery,Tunisia,D,27.0,premier_league_data/season_2122/Yan_Valery_15011.png
3362,Patrick van Aanholt,Netherlands,D,30.0,premier_league_data/season_2122/Patrick_van_Aanholt_3362.png
11031,Donny van de Beek,Netherlands,M,6.0,premier_league_data/season_2122/Donny_van_de_Beek_11031.png
65987,Sepp van den Berg,Netherlands,D,4.0,premier_league_data/season_2122/Sepp_van_den_Berg_65987.png
5140,Virgil van Dijk,Netherlands,D,4.0,premier_league_data/season_2122/Virgil_van_Dijk_5140.png
76090,Jan Paul van Hecke,Netherlands,D,,premier_league_data/season_2122/Jan_Paul_van_Hecke_76090.png
99280,Mikki van Sas,Netherlands,G,39.0,
5782,Raphaël Varane,France,D,19.0,premier_league_data/season_2122/Raphaël_Varane_5782.png
8979,Jamie Vardy,England,F,9.0,premier_league_data/season_2122/Jamie_Vardy_8979.png
31670,Indiana Vassilev,United States,M,17.0,premier_league_data/season_2122/Indiana_Vassilev_31670.png
4874,Joël Veltman,Netherlands,D,34.0,premier_league_data/season_2122/Joël_Veltman_4874.png
20109,Jannik Vestergaard,Denmark,D,23.0,premier_league_data/season_2122/Jannik_Vestergaard_20109.png
67634,Vitinha,Portugal,M,17.0,premier_league_data/season_2122/Vitinha_67634.png
25312,Nikola Vlasic,Croatia,M,16.0,premier_league_data/season_2122/Nikola_Vlasic_25312.png
15013,Jake Vokins,England,D,,premier_league_data/season_2122/Jake_Vokins_15013.png
22040,Mario Vrancic,Bosnia & Herzegovina,M,7.0,premier_league_data/season_2122/Mario_Vrancic_22040.png
4851,Matej Vydra,Czech Republic,F,11.0,premier_league_data/season_2122/Matej_Vydra_4851.png
2839,Theo Walcott,England,F,32.0,premier_league_data/season_2122/Theo_Walcott_2839.png
14467,Jake Walker,England,D,46.0,premier_league_data/season_2122/Jake_Walker_14467.png
13815,Kyle Walker-Peters,England,D,2.0,premier_league_data/season_2122/Kyle_Walker-Peters_13815.png
98263,Sam Waller,England,G,13.0,
8159,Christian Walton,England,G,28.0,premier_league_data/season_2122/Christian_Walton_8159.png
14164,Aaron Wan-Bissaka,England,D,29.0,premier_league_data/season_2122/Aaron_Wan-Bissaka_14164.png
51545,Wanya Marçal,Portugal,M,40.0,premier_league_data/season_2122/Wanya_Marçal_51545.png
3929,Joel Ward,England,D,,premier_league_data/season_2122/Joel_Ward_3929.png
4617,James Ward-Prowse,England,M,18.0,premier_league_data/season_2122/James_Ward-Prowse_4617.png
8658,Ollie Watkins,England,F,11.0,premier_league_data/season_2122/Ollie_Watkins_8658.png
19967,Kelland Watts,England,D,6.0,premier_league_data/season_2122/Kelland_Watts_19967.png
9426,Adam Webster,England,D,4.0,premier_league_data/season_2122/Adam_Webster_9426.png
20261,Wout Weghorst,Netherlands,F,25.0,premier_league_data/season_2122/Wout_Weghorst_20261.png
31046,Jensen Weir,England,M,6.0,premier_league_data/season_2122/Jensen_Weir_31046.png
3452,Danny Welbeck,England,F,18.0,premier_league_data/season_2122/Danny_Welbeck_3452.png
66578,Reece Welch,England,D,22.0,
107826,Jack Wells-Morrison,England,M,,
23599,Timo Werner,Germany,F,16.0,premier_league_data/season_2122/Timo_Werner_23599.png
15580,Wesley,Brazil,F,,premier_league_data/season_2122/Wesley_15580.png
4489,Ashley Westwood,England,M,8.0,premier_league_data/season_2122/Ashley_Westwood_4489.png
69653,Charlie Whitaker,England,M,16.0,
14548,Ben White,England,D,4.0,premier_league_data/season_2122/Ben_White_14548.png
15111,Alfie Whiteman,England,G,41.0,premier_league_data/season_2122/Alfie_Whiteman_15111.png
4396,Connor Wickham,England,F,13.0,premier_league_data/season_2122/Connor_Wickham_4396.png
7114,Georginio Wijnaldum,Netherlands,M,25.0,premier_league_data/season_2122/Georginio_Wijnaldum_7114.png
70133,Dylan Williams,England,D,19.0,
4748,Willian,Brazil,F,22.0,premier_league_data/season_2122/Willian_4748.png
5806,Willian José,Brazil,F,12.0,premier_league_data/season_2122/Willian_José_5806.png
14446,Joe Willock,England,M,28.0,premier_league_data/season_2122/Joe_Willock_14446.png
20929,Ben Wilmot,England,D,,premier_league_data/season_2122/Ben_Wilmot_20929.png
13961,Harry Wilson,Wales,M,8.0,premier_league_data/season_2122/Harry_Wilson_13961.png
48690,Josh Wilson-Esbrand,England,D,33.0,premier_league_data/season_2122/Josh_Wilson-Esbrand_48690.png
7488,Harry Winks,England,M,8.0,premier_league_data/season_2122/Harry_Winks_7488.png
117497,Yoane Wissa,DR Congo,M,11.0,premier_league_data/season_2122/Yoane_Wissa_117497.png
51563,Max Woltman,England,F,27.0,
3756,Chris Wood,New Zealand,F,11.0,premier_league_data/season_2122/Chris_Wood_3756.png
14758,Ben Woodburn,Wales,M,14.0,premier_league_data/season_2122/Ben_Woodburn_14758.png
10479,Freddie Woodman,England,G,1.0,premier_league_data/season_2122/Freddie_Woodman_10479.png
14149,Sam Woods,England,D,6.0,premier_league_data/season_2122/Sam_Woods_14149.png
24151,Xande Silva,Portugal,F,,premier_league_data/season_2122/Xande_Silva_24151.png
12136,Granit Xhaka,Switzerland,M,34.0,premier_league_data/season_2122/Granit_Xhaka_12136.png
78211,Yan Couto,Brazil,D,2.0,
66506,Romaric Yapi,France,D,27.0,premier_league_data/season_2122/Romaric_Yapi_66506.png
6389,Andrii Yarmolenko,Ukraine,M,7.0,premier_league_data/season_2122/Andrii_Yarmolenko_6389.png
62919,Brad Young,England,F,23.0,premier_league_data/season_2122/Brad_Young_62919.png
51226,Nathan Young-Coombes,England,F,,
4539,Wilfried Zaha,Cote D’Ivoire,F,12.0,premier_league_data/season_2122/Wilfried_Zaha_4539.png
64074,Jan Zamburek,Czech Republic,M,13.0,premier_league_data/season_2122/Jan_Zamburek_64074.png
7103,Zanka,Denmark,D,13.0,premier_league_data/season_2122/Zanka_7103.png
25313,Davide Zappacosta,Italy,M,77.0,premier_league_data/season_2122/Davide_Zappacosta_25313.png
50230,Andi Zeqiri,Switzerland,F,9.0,premier_league_data/season_2122/Andi_Zeqiri_50230.png
70136,Zidane Iqbal,Iraq,M,55.0,
24220,Karlo Ziger,Croatia,G,,premier_league_data/season_2122/Karlo_Ziger_24220.png
22047,Christoph Zimmermann,Germany,D,4.0,premier_league_data/season_2122/Christoph_Zimmermann_22047.png
19620,Oleksandr Zinchenko,Ukraine,D,17.0,premier_league_data/season_2122/Oleksandr_Zinchenko_19620.png
42709,Philip Zinckernagel,Denmark,M,77.0,
20750,Hakim Ziyech,Morocco,M,22.0,premier_league_data/season_2122/Hakim_Ziyech_20750.png
5175,Kurt Zouma,France,D,4.0,premier_league_data/season_2122/Kurt_Zouma_5175.png
107891,Oliwier Zych,Poland,G,1.0,
11419,Martin Ødegaard,Norway,M,8.0,premier_league_data/season_2122/Martin_Ødegaard_11419.png
51436,Leo Østigård,Norway,D,4.0,premier_league_data/season_2122/Leo_Østigård_51436.png
