player_id,name,nationality,position,shirt_number,image_path
10483,Rolando Aarons,Jamaica,M,17.0,premier_league_data/season_1718/Rolando_Aarons_10483.png
13286,Tammy Abraham,England,F,90.0,premier_league_data/season_1718/Tammy_Abraham_13286.png
4081,Charlie Adam,Scotland,M,,premier_league_data/season_1718/Charlie_Adam_4081.png
9199,Adam Armstrong,England,F,32.0,premier_league_data/season_1718/Adam_Armstrong_9199.png
13549,Tosin Adarabioyo,England,D,4.0,premier_league_data/season_1718/Tosin_Adarabioyo_13549.png
4852,Adrián,Spain,G,13.0,premier_league_data/season_1718/Adrián_4852.png
11357,Adrien Silva,Portugal,M,15.0,premier_league_data/season_1718/Adrien_Silva_11357.png
4968,Ibrahim Afellay,Netherlands,M,17.0,premier_league_data/season_1718/Ibrahim_Afellay_4968.png
4040,Benik Afobe,DR Congo,F,7.0,premier_league_data/season_1718/Benik_Afobe_4040.png
4328,Sergio Agüero,Argentina,F,19.0,premier_league_data/season_1718/Sergio_Agüero_4328.png
10559,Daniel Agyei,England,F,7.0,premier_league_data/season_1718/Daniel_Agyei_10559.png
24695,Soufyan Ahannach,Netherlands,M,30.0,
6609,Ahmed Hegazy,Egypt,D,26.0,premier_league_data/season_1718/Ahmed_Hegazy_6609.png
10439,Ola Aina,Nigeria,D,34.0,premier_league_data/season_1718/Ola_Aina_10439.png
4499,Nathan Aké,Netherlands,D,6.0,premier_league_data/season_1718/Nathan_Aké_4499.png
4482,Chuba Akpom,England,F,24.0,premier_league_data/season_1718/Chuba_Akpom_4482.png
3564,Marc Albrighton,England,M,22.0,premier_league_data/season_1718/Marc_Albrighton_3564.png
4916,Toby Alderweireld,Belgium,D,23.0,premier_league_data/season_1718/Toby_Alderweireld_4916.png
14732,Trent Alexander-Arnold,England,D,66.0,premier_league_data/season_1718/Trent_Alexander-Arnold_14732.png
33112,Ali Gabr,Egypt,D,,premier_league_data/season_1718/Ali_Gabr_33112.png
13984,Allan,Brazil,M,28.0,
4413,Joe Allen,Wales,M,7.0,premier_league_data/season_1718/Joe_Allen_4413.png
9167,Dele Alli,England,M,11.0,premier_league_data/season_1718/Dele_Alli_9167.png
3732,Ryan Allsop,England,G,21.0,premier_league_data/season_1718/Ryan_Allsop_3732.png
4093,Marcos Alonso,Spain,D,20.0,premier_league_data/season_1718/Marcos_Alonso_4093.png
14743,Paulo Alves,Portugal,M,,
12306,Daniel Amartey,Ghana,D,12.0,premier_league_data/season_1718/Daniel_Amartey_12306.png
4835,Jordi Amat,Indonesia,D,5.0,premier_league_data/season_1718/Jordi_Amat_4835.png
15128,Luke Amos,England,M,8.0,premier_league_data/season_1718/Luke_Amos_15128.png
19731,Ethan Ampadu,Wales,D,4.0,premier_league_data/season_1718/Ethan_Ampadu_19731.png
5490,Nordin Amrabat,Morocco,F,37.0,premier_league_data/season_1718/Nordin_Amrabat_5490.png
10475,Ander Herrera,Spain,M,21.0,premier_league_data/season_1718/Ander_Herrera_10475.png
8234,Tom Anderson,England,D,4.0,premier_league_data/season_1718/Tom_Anderson_8234.png
10476,Andreas Pereira,Brazil,M,18.0,premier_league_data/season_1718/Andreas_Pereira_10476.png
4550,Vurnon Anita,Curacao,M,6.0,
9595,Michail Antonio,Jamaica,F,,premier_league_data/season_1718/Michail_Antonio_9595.png
8242,Scott Arfield,Canada,M,37.0,premier_league_data/season_1718/Scott_Arfield_8242.png
7175,Giedrius Arlauskis,Lithuania,G,87.0,premier_league_data/season_1718/Giedrius_Arlauskis_7175.png
4823,Marko Arnautovic,Austria,F,8.0,premier_league_data/season_1718/Marko_Arnautovic_4823.png
8050,Harry Arter,Ireland,M,,premier_league_data/season_1718/Harry_Arter_8050.png
4859,Christian Atsu,Ghana,M,,premier_league_data/season_1718/Christian_Atsu_4859.png
5110,Pierre-Emerick Aubameyang,Gabon,F,10.0,premier_league_data/season_1718/Pierre-Emerick_Aubameyang_5110.png
11293,Sèrge Aurier,Cote D’Ivoire,D,92.0,premier_league_data/season_1718/Sèrge_Aurier_11293.png
9468,Charlie Austin,England,F,32.0,premier_league_data/season_1718/Charlie_Austin_9468.png
5595,Jordan Ayew,Ghana,F,18.0,premier_league_data/season_1718/Jordan_Ayew_5595.png
4496,César Azpilicueta,Spain,D,3.0,premier_league_data/season_1718/César_Azpilicueta_4496.png
13279,Abdul Baba,Ghana,D,21.0,premier_league_data/season_1718/Abdul_Baba_13279.png
9762,Daniel Bachmann,Austria,G,35.0,premier_league_data/season_1718/Daniel_Bachmann_9762.png
20538,Badou Ndiaye,Senegal,M,5.0,premier_league_data/season_1718/Badou_Ndiaye_20538.png
12937,Eric Bailly,Cote D’Ivoire,D,4.0,premier_league_data/season_1718/Eric_Bailly_12937.png
3030,Leighton Baines,England,D,3.0,premier_league_data/season_1718/Leighton_Baines_3030.png
11260,Tiémoué Bakayoko,France,M,8.0,premier_league_data/season_1718/Tiémoué_Bakayoko_11260.png
4749,Lewis Baker,Jamaica,M,,premier_league_data/season_1718/Lewis_Baker_4749.png
8457,Courtney Baker-Richardson,England,F,9.0,
4711,Sam Baldock,England,F,10.0,premier_league_data/season_1718/Sam_Baldock_4711.png
14623,Beni Baningime,DR Congo,M,6.0,premier_league_data/season_1718/Beni_Baningime_14623.png
15030,Lewis Banks,England,D,2.0,
2517,Phil Bardsley,Scotland,D,27.0,premier_league_data/season_1718/Phil_Bardsley_2517.png
4115,Ross Barkley,England,M,6.0,premier_league_data/season_1718/Ross_Barkley_4115.png
13590,Daniel Barlaser,England,M,4.0,premier_league_data/season_1718/Daniel_Barlaser_13590.png
8246,Ashley Barnes,England,F,35.0,premier_league_data/season_1718/Ashley_Barnes_8246.png
10520,Modou Barrow,Gambia,F,7.0,premier_league_data/season_1718/Modou_Barrow_10520.png
1308,Gareth Barry,England,M,18.0,premier_league_data/season_1718/Gareth_Barry_1308.png
3312,Kyle Bartley,England,D,5.0,premier_league_data/season_1718/Kyle_Bartley_3312.png
16622,Borja Bastón,Spain,F,9.0,premier_league_data/season_1718/Borja_Bastón_16622.png
7450,Michy Batshuayi,Belgium,F,30.0,premier_league_data/season_1718/Michy_Batshuayi_7450.png
32838,Moritz Bauer,Austria,D,13.0,premier_league_data/season_1718/Moritz_Bauer_32838.png
3608,Jose Baxter,England,F,14.0,
19589,Jan Bednarek,Poland,D,35.0,premier_league_data/season_1718/Jan_Bednarek_19589.png
2537,Asmir Begovic,Bosnia & Herzegovina,G,31.0,premier_league_data/season_1718/Asmir_Begovic_2537.png
3765,Valon Behrami,Switzerland,M,11.0,premier_league_data/season_1718/Valon_Behrami_3765.png
4474,Héctor Bellerín,Spain,D,2.0,premier_league_data/season_1718/Héctor_Bellerín_4474.png
20879,Yasin Ben El-Mhanni,England,M,19.0,
13490,Yohan Benalouane,Tunisia,D,29.0,premier_league_data/season_1718/Yohan_Benalouane_13490.png
5575,Benjamin Mendy,France,D,5.0,premier_league_data/season_1718/Benjamin_Mendy_5575.png
4492,Christian Benteke,Belgium,F,20.0,premier_league_data/season_1718/Christian_Benteke_4492.png
4205,Saido Berahino,Burundi,F,24.0,premier_league_data/season_1718/Saido_Berahino_4205.png
6215,Steven Berghuis,Netherlands,F,23.0,premier_league_data/season_1718/Steven_Berghuis_6215.png
5067,Bernardo Silva,Portugal,M,20.0,premier_league_data/season_1718/Bernardo_Silva_5067.png
2886,Ryan Bertrand,England,D,5.0,premier_league_data/season_1718/Ryan_Bertrand_2886.png
10451,Muhamed Besic,Bosnia & Herzegovina,M,5.0,premier_league_data/season_1718/Muhamed_Besic_10451.png
10426,Krystian Bielik,Poland,D,6.0,premier_league_data/season_1718/Krystian_Bielik_10426.png
8882,Philip Billing,Denmark,M,29.0,premier_league_data/season_1718/Philip_Billing_8882.png
19655,Mark Birighitti,Australia,G,19.0,premier_league_data/season_1718/Mark_Birighitti_19655.png
13231,Henrik Bjørdal,Norway,F,20.0,
4888,Daley Blind,Netherlands,D,17.0,premier_league_data/season_1718/Daley_Blind_4888.png
4769,Hiram Boateng,England,M,44.0,premier_league_data/season_1718/Hiram_Boateng_4769.png
10441,Jérémie Boga,Cote D’Ivoire,F,7.0,premier_league_data/season_1718/Jérémie_Boga_10441.png
3348,Ádám Bogdán,Hungary,G,1.0,premier_league_data/season_1718/Ádám_Bogdán_3348.png
4898,Bojan,Spain,F,15.0,premier_league_data/season_1718/Bojan_4898.png
4763,Yannick Bolasie,DR Congo,F,17.0,premier_league_data/season_1718/Yannick_Bolasie_4763.png
5721,Gaëtan Bong,Cameroon,D,6.0,premier_league_data/season_1718/Gaëtan_Bong_5721.png
4838,Wilfried Bony,Cote D’Ivoire,F,2.0,premier_league_data/season_1718/Wilfried_Bony_4838.png
13475,Regan Booty,England,M,8.0,
13560,Cameron Borthwick-Jackson,England,D,3.0,
4601,Artur Boruc,Poland,G,1.0,premier_league_data/season_1718/Artur_Boruc_4601.png
12584,Sofiane Boufal,Morocco,F,23.0,premier_league_data/season_1718/Sofiane_Boufal_12584.png
4788,George Boyd,Scotland,F,14.0,premier_league_data/season_1718/George_Boyd_4788.png
4158,Robert Brady,Ireland,M,11.0,premier_league_data/season_1718/Robert_Brady_4158.png
21627,Cohen Bramall,England,D,18.0,premier_league_data/season_1718/Cohen_Bramall_21627.png
9032,Cameron Brannagan,England,M,,premier_league_data/season_1718/Cameron_Brannagan_9032.png
5810,Claudio Bravo,Chile,G,25.0,premier_league_data/season_1718/Claudio_Bravo_5810.png
14742,Rhian Brewster,England,F,,premier_league_data/season_1718/Rhian_Brewster_14742.png
5668,Miguel Britos,Uruguay,D,3.0,premier_league_data/season_1718/Miguel_Britos_5668.png
2152,Leon Britton,England,M,7.0,premier_league_data/season_1718/Leon_Britton_2152.png
14636,Nathan Broadhead,Wales,F,33.0,premier_league_data/season_1718/Nathan_Broadhead_14636.png
4674,Isaiah Brown,England,M,20.0,premier_league_data/season_1718/Isaiah_Brown_4674.png
13873,Marcus Browne,England,M,18.0,premier_league_data/season_1718/Marcus_Browne_13873.png
8162,Bruno,Spain,D,2.0,premier_league_data/season_1718/Bruno_8162.png
3744,Chris Brunt,Northern Ireland,M,29.0,premier_league_data/season_1718/Chris_Brunt_3744.png
23695,Marcin Bulka,Poland,G,1.0,premier_league_data/season_1718/Marcin_Bulka_23695.png
8892,Harry Bunn,England,F,23.0,premier_league_data/season_1718/Harry_Bunn_8892.png
10596,Oliver Burke,Scotland,F,45.0,premier_league_data/season_1718/Oliver_Burke_10596.png
11965,Matt Butcher,England,M,26.0,premier_league_data/season_1718/Matt_Butcher_11965.png
4634,Jack Butland,England,G,1.0,premier_league_data/season_1718/Jack_Butland_4634.png
10956,George Byers,Scotland,M,7.0,premier_league_data/season_1718/George_Byers_10956.png
8945,Sam Byram,England,D,25.0,premier_league_data/season_1718/Sam_Byram_8945.png
10466,Willy Caballero,Argentina,G,1.0,premier_league_data/season_1718/Willy_Caballero_10466.png
4341,Yohan Cabaye,France,M,29.0,premier_league_data/season_1718/Yohan_Cabaye_4341.png
14547,Tom Cadman,Ireland,D,45.0,
2620,Gary Cahill,England,D,24.0,premier_league_data/season_1718/Gary_Cahill_2620.png
9576,Dominic Calvert-Lewin,England,F,9.0,premier_league_data/season_1718/Dominic_Calvert-Lewin_9576.png
4636,Geoff Cameron,United States,D,20.0,premier_league_data/season_1718/Geoff_Cameron_4636.png
4254,Joel Campbell,Costa Rica,F,8.0,premier_league_data/season_1718/Joel_Campbell_4254.png
5001,Emre Can,Germany,M,23.0,premier_league_data/season_1718/Emre_Can_5001.png
4843,Étienne Capoue,France,M,6.0,premier_league_data/season_1718/Étienne_Capoue_4843.png
9869,Baily Cargill,England,D,6.0,premier_league_data/season_1718/Baily_Cargill_9869.png
1634,Michael Carrick,England,M,16.0,premier_league_data/season_1718/Michael_Carrick_1634.png
15989,Guido Carrillo,Argentina,F,7.0,premier_league_data/season_1718/Guido_Carrillo_15989.png
4430,Tom Carroll,England,M,11.0,premier_league_data/season_1718/Tom_Carroll_4430.png
13814,Cameron Carter-Vickers,United States,D,20.0,premier_league_data/season_1718/Cameron_Carter-Vickers_13814.png
3160,Craig Cathcart,Northern Ireland,D,,premier_league_data/season_1718/Craig_Cathcart_3160.png
4477,Santi Cazorla,Spain,M,8.0,premier_league_data/season_1718/Santi_Cazorla_4477.png
2651,Petr Cech,Czech Republic,G,1.0,premier_league_data/season_1718/Petr_Cech_2651.png
11347,Cédric Soares,Portugal,D,12.0,premier_league_data/season_1718/Cédric_Soares_11347.png
4844,Nacer Chadli,Belgium,M,89.0,premier_league_data/season_1718/Nacer_Chadli_4844.png
4105,Nathaniel Chalobah,England,M,4.0,premier_league_data/season_1718/Nathaniel_Chalobah_4105.png
4620,Calum Chambers,England,D,12.0,premier_league_data/season_1718/Calum_Chambers_4620.png
14632,Harry Charsley,Ireland,M,7.0,premier_league_data/season_1718/Harry_Charsley_14632.png
4161,Chicharito,Mexico,F,14.0,premier_league_data/season_1718/Chicharito_4161.png
13491,Ben Chilwell,England,D,25.0,premier_league_data/season_1718/Ben_Chilwell_13491.png
13510,Pedro Chirivella,Spain,M,5.0,premier_league_data/season_1718/Pedro_Chirivella_13510.png
13248,Hamza Choudhury,Bangladesh,M,24.0,premier_league_data/season_1718/Hamza_Choudhury_13248.png
11191,Eric Choupo-Moting,Cameroon,F,13.0,premier_league_data/season_1718/Eric_Choupo-Moting_11191.png
19608,Chris Löwe,Germany,D,15.0,premier_league_data/season_1718/Chris_Löwe_19608.png
4495,Andreas Christensen,Denmark,D,15.0,premier_league_data/season_1718/Andreas_Christensen_4495.png
3562,Ciaran Clark,Ireland,D,26.0,premier_league_data/season_1718/Ciaran_Clark_3562.png
11146,Jake Clarke-Salter,England,D,6.0,premier_league_data/season_1718/Jake_Clarke-Salter_11146.png
12365,Jordy Clasie,Netherlands,M,8.0,premier_league_data/season_1718/Jordy_Clasie_12365.png
3448,Tom Cleverley,England,M,8.0,premier_league_data/season_1718/Tom_Cleverley_3448.png
9100,Sam Clucas,England,M,4.0,premier_league_data/season_1718/Sam_Clucas_9100.png
4604,Nathaniel Clyne,England,D,17.0,premier_league_data/season_1718/Nathaniel_Clyne_4604.png
10268,Luke Coddington,England,G,12.0,
3713,Jack Colback,England,M,4.0,premier_league_data/season_1718/Jack_Colback_3713.png
3600,Séamus Coleman,Ireland,D,,premier_league_data/season_1718/Séamus_Coleman_3600.png
23739,Michael Collins,England,D,,
21653,Aaron Connolly,Ireland,F,9.0,premier_league_data/season_1718/Aaron_Connolly_21653.png
8045,Steve Cook,England,D,5.0,premier_league_data/season_1718/Steve_Cook_8045.png
15094,Brandon Cooper,Wales,D,6.0,
3549,Francis Coquelin,France,M,13.0,premier_league_data/season_1718/Francis_Coquelin_3549.png
2889,Jack Cork,England,D,4.0,premier_league_data/season_1718/Jack_Cork_2889.png
4911,Thibaut Courtois,Belgium,G,1.0,premier_league_data/season_1718/Thibaut_Courtois_4911.png
2559,Martin Cranie,England,D,2.0,premier_league_data/season_1718/Martin_Cranie_2559.png
8897,Aaron Cresswell,England,D,3.0,premier_league_data/season_1718/Aaron_Cresswell_8897.png
1629,Peter Crouch,England,F,15.0,premier_league_data/season_1718/Peter_Crouch_1629.png
5174,Cristián Cuevas,Chile,D,15.0,
10539,Josh Cullen,Ireland,M,24.0,premier_league_data/season_1718/Josh_Cullen_10539.png
33158,Pontus Dahlberg,Sweden,G,1.0,premier_league_data/season_1718/Pontus_Dahlberg_33158.png
3242,Charlie Daniels,England,D,23.0,premier_league_data/season_1718/Charlie_Daniels_3242.png
5328,Danilo,Brazil,D,6.0,premier_league_data/season_1718/Danilo_5328.png
3807,Scott Dann,England,D,6.0,premier_league_data/season_1718/Scott_Dann_3807.png
8389,Tendayi Darikwa,Zimbabwe,D,2.0,premier_league_data/season_1718/Tendayi_Darikwa_8389.png
9251,Karl Darlow,Wales,G,26.0,premier_league_data/season_1718/Karl_Darlow_9251.png
12854,Matteo Darmian,Italy,D,36.0,premier_league_data/season_1718/Matteo_Darmian_12854.png
2985,Daryl Murphy,Ireland,F,9.0,premier_league_data/season_1718/Daryl_Murphy_2985.png
14457,Josh Dasilva,England,M,10.0,premier_league_data/season_1718/Josh_Dasilva_14457.png
4100,David Luiz,Brazil,D,23.0,premier_league_data/season_1718/David_Luiz_4100.png
10526,Jason Davidson,Australia,D,3.0,
13389,Tom Davies,England,M,22.0,premier_league_data/season_1718/Tom_Davies_13389.png
2423,Steven Davis,Northern Ireland,M,10.0,premier_league_data/season_1718/Steven_Davis_2423.png
4198,Craig Dawson,England,D,15.0,premier_league_data/season_1718/Craig_Dawson_4198.png
4288,Kevin De Bruyne,Belgium,M,17.0,premier_league_data/season_1718/Kevin_De_Bruyne_4288.png
4330,David de Gea,Spain,G,43.0,premier_league_data/season_1718/David_de_Gea_4330.png
4885,Siem de Jong,Netherlands,M,23.0,premier_league_data/season_1718/Siem_de_Jong_4885.png
14834,Zachary Dearnley,England,F,,premier_league_data/season_1718/Zachary_Dearnley_14834.png
4546,Mathieu Debuchy,France,D,26.0,premier_league_data/season_1718/Mathieu_Debuchy_4546.png
9947,Troy Deeney,England,F,14.0,premier_league_data/season_1718/Troy_Deeney_9947.png
1526,Jermain Defoe,England,F,10.0,premier_league_data/season_1718/Jermain_Defoe_1526.png
5345,Steven Defour,Belgium,M,88.0,premier_league_data/season_1718/Steven_Defour_5345.png
1911,Damien Delaney,Ireland,D,,premier_league_data/season_1718/Damien_Delaney_1911.png
14778,Tom Dele-Bashiru,Nigeria,M,19.0,premier_league_data/season_1718/Tom_Dele-Bashiru_14778.png
3799,Fabian Delph,England,M,8.0,premier_league_data/season_1718/Fabian_Delph_3799.png
4123,Mousa Dembélé,Belgium,M,8.0,premier_league_data/season_1718/Mousa_Dembélé_4123.png
11002,Jason Denayer,Belgium,D,5.0,premier_league_data/season_1718/Jason_Denayer_11002.png
14643,Alex Denny,England,M,20.0,premier_league_data/season_1718/Alex_Denny_14643.png
16747,Laurent Depoitre,Belgium,F,29.0,premier_league_data/season_1718/Laurent_Depoitre_16747.png
4777,Gerard Deulofeu,Spain,F,10.0,premier_league_data/season_1718/Gerard_Deulofeu_4777.png
32936,Fousseni Diabaté,Mali,M,18.0,premier_league_data/season_1718/Fousseni_Diabaté_32936.png
3982,Mohamed Diamé,Senegal,M,21.0,premier_league_data/season_1718/Mohamed_Diamé_3982.png
15199,Grady Diangana,DR Congo,M,,premier_league_data/season_1718/Grady_Diangana_15199.png
14800,Brahim Díaz,Morocco,F,21.0,premier_league_data/season_1718/Brahim_Díaz_14800.png
3642,Diego Cavalieri,Brazil,G,16.0,
4941,Diego Costa,Spain,F,29.0,premier_league_data/season_1718/Diego_Costa_4941.png
4112,Eric Dier,England,D,15.0,premier_league_data/season_1718/Eric_Dier_4112.png
3925,Mame Diouf,Senegal,F,92.0,premier_league_data/season_1718/Mame_Diouf_3925.png
5577,Brice Dja Djédjé,Cote D’Ivoire,D,26.0,premier_league_data/season_1718/Brice_Dja_Djédjé_5577.png
19678,Domingos Quina,Portugal,M,8.0,premier_league_data/season_1718/Domingos_Quina_19678.png
13823,Abdoulaye Doucouré,Mali,M,16.0,premier_league_data/season_1718/Abdoulaye_Doucouré_13823.png
14442,Vlad Dragomir,Romania,M,30.0,
6362,Aleksandar Dragovic,Austria,D,15.0,premier_league_data/season_1718/Aleksandar_Dragovic_6362.png
3670,Danny Drinkwater,England,M,15.0,premier_league_data/season_1718/Danny_Drinkwater_3670.png
6451,Martin Dúbravka,Slovakia,G,31.0,premier_league_data/season_1718/Martin_Dúbravka_6451.png
3601,Shane Duffy,Ireland,D,4.0,premier_league_data/season_1718/Shane_Duffy_3601.png
14771,Demeaco Duhaney,England,D,21.0,premier_league_data/season_1718/Demeaco_Duhaney_14771.png
23738,Stephen Duke-McKenna,Guyana,M,9.0,
4340,Paul Dummett,Wales,D,14.0,premier_league_data/season_1718/Paul_Dummett_4340.png
8163,Lewis Dunk,England,D,30.0,premier_league_data/season_1718/Lewis_Dunk_8163.png
2341,Nathan Dyer,England,M,24.0,premier_league_data/season_1718/Nathan_Dyer_2341.png
12707,Ederson,Brazil,G,31.0,premier_league_data/season_1718/Ederson_12707.png
12265,Eduardo,Portugal,G,82.0,premier_league_data/season_1718/Eduardo_12265.png
15038,Tom Edwards,England,D,2.0,
14753,Ovie Ejaria,England,M,14.0,premier_league_data/season_1718/Ovie_Ejaria_14753.png
8962,Callum Elder,Australia,D,20.0,premier_league_data/season_1718/Callum_Elder_8962.png
21468,Andrew Eleftheriou,England,D,15.0,premier_league_data/season_1718/Andrew_Eleftheriou_21468.png
2214,Robert Elliot,Ireland,G,37.0,premier_league_data/season_1718/Robert_Elliot_2214.png
16803,Emerson,Italy,D,33.0,premier_league_data/season_1718/Emerson_16803.png
4845,Christian Eriksen,Denmark,M,14.0,premier_league_data/season_1718/Christian_Eriksen_4845.png
3156,Jonny Evans,Northern Ireland,D,35.0,premier_league_data/season_1718/Jonny_Evans_3156.png
2934,Patrice Evra,France,D,27.0,premier_league_data/season_1718/Patrice_Evra_2934.png
3309,Lukasz Fabianski,Poland,G,1.0,premier_league_data/season_1718/Lukasz_Fabianski_3309.png
2417,Cesc Fàbregas,Spain,M,4.0,premier_league_data/season_1718/Cesc_Fàbregas_2417.png
3182,Adam Federici,Australia,G,,premier_league_data/season_1718/Adam_Federici_3182.png
5672,Federico Fernández,Argentina,D,2.0,premier_league_data/season_1718/Federico_Fernández_5672.png
7564,Sofiane Féghouli,Algeria,M,8.0,premier_league_data/season_1718/Sofiane_Féghouli_7564.png
3604,Marouane Fellaini,Belgium,M,27.0,premier_league_data/season_1718/Marouane_Fellaini_3604.png
22546,Kiko Femenía,Spain,D,17.0,premier_league_data/season_1718/Kiko_Femenía_22546.png
4810,Leroy Fer,Netherlands,M,8.0,premier_league_data/season_1718/Leroy_Fer_4810.png
23976,Nathan Ferguson,England,D,36.0,premier_league_data/season_1718/Nathan_Ferguson_23976.png
15759,Edimilson Fernandes,Switzerland,D,6.0,premier_league_data/season_1718/Edimilson_Fernandes_15759.png
4804,Fernandinho,Brazil,M,25.0,premier_league_data/season_1718/Fernandinho_4804.png
5344,Fernando,Brazil,M,20.0,premier_league_data/season_1718/Fernando_5344.png
13867,Sam Field,England,M,8.0,premier_league_data/season_1718/Sam_Field_13867.png
5144,Stuart Findlay,Scotland,D,4.0,
4129,Jon Flanagan,England,D,20.0,premier_league_data/season_1718/Jon_Flanagan_4129.png
1943,Darren Fletcher,Scotland,M,,premier_league_data/season_1718/Darren_Fletcher_1943.png
14805,Phil Foden,England,M,47.0,premier_league_data/season_1718/Phil_Foden_14805.png
14298,Michael Folivi,England,F,27.0,premier_league_data/season_1718/Michael_Folivi_14298.png
3170,Fraser Forster,England,G,20.0,premier_league_data/season_1718/Fraser_Forster_3170.png
2932,Ben Foster,England,G,12.0,premier_league_data/season_1718/Ben_Foster_2932.png
13561,Timothy Fosu-Mensah,Netherlands,D,24.0,premier_league_data/season_1718/Timothy_Fosu-Mensah_13561.png
25292,Dimitri Foulquier,Guadeloupe,D,20.0,premier_league_data/season_1718/Dimitri_Foulquier_25292.png
25309,Juan Foyth,Argentina,D,8.0,premier_league_data/season_1718/Juan_Foyth_25309.png
8044,Simon Francis,England,D,2.0,premier_league_data/season_1718/Simon_Francis_8044.png
8052,Ryan Fraser,Scotland,M,24.0,premier_league_data/season_1718/Ryan_Fraser_8052.png
5371,Christian Fuchs,Austria,D,22.0,premier_league_data/season_1718/Christian_Fuchs_5371.png
7482,Jay Fulton,Scotland,M,28.0,premier_league_data/season_1718/Jay_Fulton_7482.png
13387,Ramiro Funes Mori,Argentina,D,3.0,premier_league_data/season_1718/Ramiro_Funes_Mori_13387.png
12639,Manolo Gabbiadini,Italy,F,23.0,premier_league_data/season_1718/Manolo_Gabbiadini_12639.png
19680,Gabriel Jesus,Brazil,F,9.0,premier_league_data/season_1718/Gabriel_Jesus_19680.png
10423,Gabriel Paulista,Brazil,D,3.0,premier_league_data/season_1718/Gabriel_Paulista_10423.png
9650,Sam Gallagher,England,F,20.0,premier_league_data/season_1718/Sam_Gallagher_9650.png
3868,Luke Garbutt,England,D,29.0,premier_league_data/season_1718/Luke_Garbutt_3868.png
12946,Aleix García,Spain,M,24.0,premier_league_data/season_1718/Aleix_García_12946.png
5937,Florin Gardos,Romania,D,25.0,premier_league_data/season_1718/Florin_Gardos_5937.png
4771,Dwight Gayle,England,F,25.0,premier_league_data/season_1718/Dwight_Gayle_4771.png
4600,Paulo Gazzaniga,Argentina,G,13.0,premier_league_data/season_1718/Paulo_Gazzaniga_4600.png
15146,Anthony Georgiou,Cyprus,D,3.0,premier_league_data/season_1718/Anthony_Georgiou_15146.png
3046,Kieran Gibbs,England,D,3.0,premier_league_data/season_1718/Kieran_Gibbs_3046.png
14453,Charlie Gilmour,Scotland,M,,
4481,Olivier Giroud,France,F,9.0,premier_league_data/season_1718/Olivier_Giroud_4481.png
9634,Connor Goldson,England,D,6.0,premier_league_data/season_1718/Connor_Goldson_9634.png
14830,Angel Gomes,England,M,,premier_league_data/season_1718/Angel_Gomes_14830.png
10651,Joe Gomez,England,D,2.0,premier_league_data/season_1718/Joe_Gomez_10651.png
4547,Curtis Good,Australia,D,,
23747,Anthony Gordon,England,F,10.0,premier_league_data/season_1718/Anthony_Gordon_23747.png
11134,Jon Gorenc Stankovic,Slovenia,M,4.0,premier_league_data/season_1718/Jon_Gorenc_Stankovic_11134.png
3390,Dan Gosling,England,M,32.0,premier_league_data/season_1718/Dan_Gosling_3390.png
4554,Yoan Gouffran,France,M,20.0,premier_league_data/season_1718/Yoan_Gouffran_4554.png
19909,Kamil Grabara,Poland,G,1.0,premier_league_data/season_1718/Kamil_Grabara_19909.png
8055,Lewis Grabban,England,F,7.0,premier_league_data/season_1718/Lewis_Grabban_8055.png
12815,Max Gradel,Cote D’Ivoire,M,7.0,premier_league_data/season_1718/Max_Gradel_12815.png
1870,Lee Grant,England,G,,premier_league_data/season_1718/Lee_Grant_1870.png
7946,Demarai Gray,Jamaica,F,11.0,premier_league_data/season_1718/Demarai_Gray_7946.png
2758,Robert Green,England,G,31.0,premier_league_data/season_1718/Robert_Green_2758.png
8650,Matt Grimes,England,M,6.0,premier_league_data/season_1718/Matt_Grimes_8650.png
14766,Daniel Grimshaw,England,G,31.0,premier_league_data/season_1718/Daniel_Grimshaw_14766.png
22542,Pascal Groß,Germany,M,13.0,premier_league_data/season_1718/Pascal_Groß_22542.png
13985,Marko Grujic,Serbia,M,8.0,premier_league_data/season_1718/Marko_Grujic_13985.png
6210,Jóhann Gudmundsson,Iceland,F,7.0,premier_league_data/season_1718/Jóhann_Gudmundsson_6210.png
12582,Idrissa Gueye,Senegal,M,27.0,premier_league_data/season_1718/Idrissa_Gueye_12582.png
5101,Ilkay Gündogan,Germany,M,19.0,premier_league_data/season_1718/Ilkay_Gündogan_5101.png
15027,Daniel Gyollai,Hungary,G,1.0,premier_league_data/season_1718/Daniel_Gyollai_15027.png
12173,Florent Hadërgjonaj,Kosovo,D,94.0,premier_league_data/season_1718/Florent_Hadërgjonaj_12173.png
4545,Massadio Haïdara,Mali,D,22.0,
24839,Sead Haksabanovic,Montenegro,M,29.0,premier_league_data/season_1718/Sead_Haksabanovic_24839.png
3183,Ben Hamer,England,G,26.0,premier_league_data/season_1718/Ben_Hamer_3183.png
14835,Ethan Hamilton,Scotland,M,11.0,premier_league_data/season_1718/Ethan_Hamilton_14835.png
3819,Grant Hanley,Scotland,D,31.0,premier_league_data/season_1718/Grant_Hanley_3819.png
20869,Ollie Harfield,England,D,3.0,
20101,Rekeem Harper,England,M,45.0,premier_league_data/season_1718/Rekeem_Harper_20101.png
3143,Joe Hart,England,G,1.0,premier_league_data/season_1718/Joe_Hart_3143.png
13777,Jakob Haugaard,Denmark,G,,premier_league_data/season_1718/Jakob_Haugaard_13777.png
4713,Isaac Hayden,Jamaica,M,45.0,
4503,Eden Hazard,Belgium,F,7.0,premier_league_data/season_1718/Eden_Hazard_4503.png
2933,Tom Heaton,England,G,22.0,premier_league_data/season_1718/Tom_Heaton_2933.png
19609,Michael Hefele,Germany,D,44.0,premier_league_data/season_1718/Michael_Hefele_19609.png
13234,Tomer Hemed,Israel,F,29.0,premier_league_data/season_1718/Tomer_Hemed_13234.png
3712,Jordan Henderson,England,M,6.0,premier_league_data/season_1718/Jordan_Henderson_3712.png
8586,Jeff Hendrick,Ireland,M,29.0,premier_league_data/season_1718/Jeff_Hendrick_8586.png
2569,Wayne Hennessey,Wales,G,13.0,premier_league_data/season_1718/Wayne_Hennessey_2569.png
10855,Dion Henry,England,G,38.0,premier_league_data/season_1718/Dion_Henry_10855.png
10501,Jake Hesketh,England,M,10.0,premier_league_data/season_1718/Jake_Hesketh_10501.png
3719,Heurelho Gomes,Brazil,G,1.0,premier_league_data/season_1718/Heurelho_Gomes_3719.png
14619,Mateusz Hewelt,Poland,G,23.0,premier_league_data/season_1718/Mateusz_Hewelt_14619.png
21858,Ryan Hill,England,M,10.0,
10949,Jordy Hiwula-Mayifuila,England,F,39.0,
9936,Tommie Hoban,Ireland,D,,premier_league_data/season_1718/Tommie_Hoban_9936.png
21691,Shaun Hobson,England,D,5.0,
6194,Wesley Hoedt,Netherlands,D,4.0,premier_league_data/season_1718/Wesley_Hoedt_6194.png
3801,Jonathan Hogg,England,M,6.0,premier_league_data/season_1718/Jonathan_Hogg_3801.png
11575,Rob Holding,England,D,5.0,premier_league_data/season_1718/Rob_Holding_11575.png
5713,José Holebas,Greece,D,25.0,premier_league_data/season_1718/José_Holebas_5713.png
10564,Mason Holgate,Jamaica,D,3.0,premier_league_data/season_1718/Mason_Holgate_10564.png
14637,Nathan Holland,England,M,37.0,premier_league_data/season_1718/Nathan_Holland_14637.png
13191,Jordan Holmes,Australia,G,21.0,premier_league_data/season_1718/Jordan_Holmes_13191.png
8340,Tareiq Holmes-Dennis,England,D,3.0,premier_league_data/season_1718/Tareiq_Holmes-Dennis_8340.png
23744,Fraser Hornby,Scotland,F,9.0,premier_league_data/season_1718/Fraser_Hornby_23744.png
2074,Mark Hudson,England,D,5.0,premier_league_data/season_1718/Mark_Hudson_2074.png
23702,Callum Hudson-Odoi,England,F,14.0,premier_league_data/season_1718/Callum_Hudson-Odoi_23702.png
24625,Sam Hughes,England,D,25.0,premier_league_data/season_1718/Sam_Hughes_24625.png
9417,Jordan Hugill,England,F,10.0,premier_league_data/season_1718/Jordan_Hugill_9417.png
13229,Uwe Hünemeier,Germany,D,2.0,premier_league_data/season_1718/Uwe_Hünemeier_13229.png
13230,Rob Hunt,England,D,19.0,
15292,Des Hutchinson,Ireland,M,47.0,
2053,Robert Huth,Germany,D,,premier_league_data/season_1718/Robert_Huth_2053.png
10734,Emerson Hyndman,United States,M,20.0,premier_league_data/season_1718/Emerson_Hyndman_10734.png
5272,Pierre-Emile Højbjerg,Denmark,M,23.0,premier_league_data/season_1718/Pierre-Emile_Højbjerg_5272.png
4527,Jordon Ibe,England,F,,premier_league_data/season_1718/Jordon_Ibe_4527.png
7234,Vicente Iborra,Spain,M,10.0,premier_league_data/season_1718/Vicente_Iborra_7234.png
5772,Zlatan Ibrahimovic,Sweden,F,11.0,premier_league_data/season_1718/Zlatan_Ibrahimovic_5772.png
13554,Kelechi Iheanacho,Nigeria,F,9.0,premier_league_data/season_1718/Kelechi_Iheanacho_13554.png
10542,Dejan Iliev,North Macedonia,G,25.0,
5588,Giannelli Imbula,DR Congo,M,16.0,premier_league_data/season_1718/Giannelli_Imbula_5588.png
4284,Rohan Ince,Montserrat,M,24.0,premier_league_data/season_1718/Rohan_Ince_4284.png
8245,Danny Ings,England,F,18.0,premier_league_data/season_1718/Danny_Ings_8245.png
4760,Ryan Inniss,England,D,5.0,premier_league_data/season_1718/Ryan_Inniss_4760.png
2928,Stephen Ireland,Ireland,M,17.0,premier_league_data/season_1718/Stephen_Ireland_2928.png
4717,Alex Iwobi,Nigeria,F,17.0,premier_league_data/season_1718/Alex_Iwobi_4717.png
12212,José Izquierdo,Colombia,F,21.0,premier_league_data/season_1718/José_Izquierdo_12212.png
33056,Jaroslaw Jach,Poland,D,,premier_league_data/season_1718/Jaroslaw_Jach_33056.png
13246,Brad Jackson,England,M,,
9662,Jacob Murphy,England,M,14.0,premier_league_data/season_1718/Jacob_Murphy_9662.png
3222,Phil Jagielka,England,D,6.0,premier_league_data/season_1718/Phil_Jagielka_3222.png
4786,Eldin Jakupovic,Switzerland,G,1.0,premier_league_data/season_1718/Eldin_Jakupovic_4786.png
13797,Daniel James,Wales,M,21.0,premier_league_data/season_1718/Daniel_James_13797.png
24679,James Daly,England,F,,
21886,Kyle Jameson,England,D,23.0,
10480,Daryl Janmaat,Netherlands,D,53.0,premier_league_data/season_1718/Daryl_Janmaat_10480.png
15481,Vincent Janssen,Netherlands,F,18.0,premier_league_data/season_1718/Vincent_Janssen_15481.png
4541,Adnan Januzaj,Belgium,M,24.0,premier_league_data/season_1718/Adnan_Januzaj_4541.png
4248,Carl Jenkinson,England,D,6.0,premier_league_data/season_1718/Carl_Jenkinson_4248.png
5803,Jesé,Spain,F,99.0,premier_league_data/season_1718/Jesé_5803.png
11070,Jesús Gámez,Spain,D,27.0,premier_league_data/season_1718/Jesús_Gámez_11070.png
11355,João Mário,Portugal,M,18.0,premier_league_data/season_1718/João_Mário_11355.png
13556,Joel Pereira,Portugal,G,22.0,premier_league_data/season_1718/Joel_Pereira_13556.png
14696,Darnell Johnson,England,D,4.0,premier_league_data/season_1718/Darnell_Johnson_14696.png
4331,Sam Johnstone,England,G,31.0,premier_league_data/season_1718/Sam_Johnstone_4331.png
15122,Jonathan Dinzeyi,England,D,6.0,premier_league_data/season_1718/Jonathan_Dinzeyi_15122.png
23815,Curtis Jones,England,M,48.0,premier_league_data/season_1718/Curtis_Jones_23815.png
4135,Jonjo Shelvey,England,M,26.0,premier_league_data/season_1718/Jonjo_Shelvey_4135.png
4767,Jonny Williams,Wales,M,10.0,premier_league_data/season_1718/Jonny_Williams_4767.png
4606,José Fonte,Portugal,D,6.0,premier_league_data/season_1718/José_Fonte_4606.png
6425,Joselu,Spain,F,29.0,premier_league_data/season_1718/Joselu_6425.png
19605,Christian Kabasele,Belgium,D,27.0,premier_league_data/season_1718/Christian_Kabasele_19605.png
3508,Younes Kaboul,France,D,4.0,premier_league_data/season_1718/Younes_Kaboul_3508.png
19611,Elias Kachunga,DR Congo,F,10.0,premier_league_data/season_1718/Elias_Kachunga_19611.png
10191,Sullay Kaikai,Sierra Leone,F,11.0,premier_league_data/season_1718/Sullay_Kaikai_10191.png
4101,Tomás Kalas,Czech Republic,D,26.0,premier_league_data/season_1718/Tomás_Kalas_4101.png
3960,Harry Kane,England,F,9.0,premier_league_data/season_1718/Harry_Kane_3960.png
13492,N'Golo Kanté,France,M,7.0,premier_league_data/season_1718/NGolo_Kanté_13492.png
19679,Bartosz Kapustka,Poland,M,67.0,premier_league_data/season_1718/Bartosz_Kapustka_19679.png
19600,Loris Karius,Germany,G,18.0,premier_league_data/season_1718/Loris_Karius_19600.png
25311,Orestis Karnezis,Greece,G,1.0,premier_league_data/season_1718/Orestis_Karnezis_25311.png
5156,Beram Kayal,Israel,M,21.0,premier_league_data/season_1718/Beram_Kayal_5156.png
20383,Olarenwaju Kayode,Nigeria,F,12.0,
4333,Michael Keane,England,D,5.0,premier_league_data/season_1718/Michael_Keane_4333.png
3644,Martin Kelly,England,D,34.0,premier_league_data/season_1718/Martin_Kelly_3644.png
15194,Dan Kemp,England,M,10.0,premier_league_data/season_1718/Dan_Kemp_15194.png
13285,Kenedy,Brazil,M,24.0,premier_league_data/season_1718/Kenedy_13285.png
10449,Jonjoe Kenny,England,D,16.0,premier_league_data/season_1718/Jonjoe_Kenny_10449.png
13509,Ryan Kent,England,F,11.0,premier_league_data/season_1718/Ryan_Kent_13509.png
4656,Ki Sung-Yeung,South Korea,M,10.0,premier_league_data/season_1718/Ki_Sung-Yeung_4656.png
3926,Joshua King,Norway,F,13.0,premier_league_data/season_1718/Joshua_King_3926.png
10517,Stephen Kingsley,Scotland,D,3.0,premier_league_data/season_1718/Stephen_Kingsley_10517.png
15134,Nya Kirby,England,M,,premier_league_data/season_1718/Nya_Kirby_15134.png
4886,Davy Klaassen,Netherlands,M,18.0,premier_league_data/season_1718/Davy_Klaassen_4886.png
15608,Ragnar Klavan,Estonia,D,15.0,premier_league_data/season_1718/Ragnar_Klavan_15608.png
14693,Josh Knight,England,D,5.0,premier_league_data/season_1718/Josh_Knight_14693.png
8982,Anthony Knockaert,France,M,93.0,premier_league_data/season_1718/Anthony_Knockaert_8982.png
4141,Aleksandar Kolarov,Serbia,D,11.0,premier_league_data/season_1718/Aleksandar_Kolarov_4141.png
5368,Sead Kolasinac,Bosnia & Herzegovina,D,23.0,premier_league_data/season_1718/Sead_Kolasinac_5368.png
3653,Vincent Kompany,Belgium,D,4.0,premier_league_data/season_1718/Vincent_Kompany_3653.png
12359,Terence Kongolo,Netherlands,D,15.0,premier_league_data/season_1718/Terence_Kongolo_12359.png
4030,Laurent Koscielny,France,D,6.0,premier_league_data/season_1718/Laurent_Koscielny_4030.png
5861,Cheikhou Kouyaté,Senegal,M,8.0,premier_league_data/season_1718/Cheikhou_Kouyaté_5861.png
3169,Tim Krul,Netherlands,G,,premier_league_data/season_1718/Tim_Krul_3169.png
12735,Grzegorz Krychowiak,Poland,M,16.0,premier_league_data/season_1718/Grzegorz_Krychowiak_12735.png
6899,Alexandre Lacazette,France,F,10.0,premier_league_data/season_1718/Alexandre_Lacazette_6899.png
8935,Freddie Ladapo,England,F,19.0,premier_league_data/season_1718/Freddie_Ladapo_8935.png
4618,Adam Lallana,England,M,10.0,premier_league_data/season_1718/Adam_Lallana_4618.png
4842,Érik Lamela,Argentina,M,17.0,premier_league_data/season_1718/Érik_Lamela_4842.png
13872,Manuel Lanzini,Argentina,M,10.0,premier_league_data/season_1718/Manuel_Lanzini_13872.png
11044,Aymeric Laporte,Spain,D,27.0,premier_league_data/season_1718/Aymeric_Laporte_11044.png
9257,Jamaal Lascelles,England,D,16.0,
14776,Joel Latibeaudiere,Jamaica,D,22.0,premier_league_data/season_1718/Joel_Latibeaudiere_14776.png
14642,Shayne Lavery,Northern Ireland,F,19.0,
5561,Tom Lawrence,Wales,F,11.0,premier_league_data/season_1718/Tom_Lawrence_5561.png
20180,Achraf Lazaar,Morocco,D,23.0,premier_league_data/season_1718/Achraf_Lazaar_20180.png
3830,Lee Chung-Yong,South Korea,M,72.0,premier_league_data/season_1718/Lee_Chung-Yong_3830.png
2852,Adam Legzdins,England,G,30.0,premier_league_data/season_1718/Adam_Legzdins_2852.png
16607,Florian Lejeune,France,D,24.0,premier_league_data/season_1718/Florian_Lejeune_16607.png
13866,Jonathan Leko,England,F,24.0,premier_league_data/season_1718/Jonathan_Leko_13866.png
5583,Mario Lemina,Gabon,M,99.0,premier_league_data/season_1718/Mario_Lemina_5583.png
2270,Aaron Lennon,England,M,17.0,premier_league_data/season_1718/Aaron_Lennon_2270.png
16550,Filip Lesniak,Slovakia,M,23.0,
14982,Harry Lewis,England,G,1.0,premier_league_data/season_1718/Harry_Lewis_14982.png
4154,Anders Lindegaard,Denmark,G,22.0,premier_league_data/season_1718/Anders_Lindegaard_4154.png
5066,Victor Lindelöf,Sweden,D,2.0,premier_league_data/season_1718/Victor_Lindelöf_5066.png
4337,Jesse Lingard,England,M,11.0,premier_league_data/season_1718/Jesse_Lingard_4337.png
3244,Jake Livermore,England,M,8.0,premier_league_data/season_1718/Jake_Livermore_3244.png
5551,Fernando Llorente,Spain,F,12.0,premier_league_data/season_1718/Fernando_Llorente_5551.png
4664,Hugo Lloris,France,G,1.0,premier_league_data/season_1718/Hugo_Lloris_4664.png
7124,Jürgen Locadia,Curacao,F,19.0,premier_league_data/season_1718/Jürgen_Locadia_7124.png
5179,Ruben Loftus-Cheek,England,M,8.0,premier_league_data/season_1718/Ruben_Loftus-Cheek_5179.png
14168,Jason Lokilo,DR Congo,F,22.0,premier_league_data/season_1718/Jason_Lokilo_14168.png
8888,Joe Lolley,England,F,23.0,premier_league_data/season_1718/Joe_Lolley_8888.png
3837,Kevin Long,Ireland,D,26.0,premier_league_data/season_1718/Kevin_Long_3837.png
13278,Ademola Lookman,Nigeria,F,11.0,premier_league_data/season_1718/Ademola_Lookman_13278.png
12444,Jonas Lössl,Denmark,G,49.0,premier_league_data/season_1718/Jonas_Lössl_12444.png
4813,Dejan Lovren,Croatia,D,6.0,premier_league_data/season_1718/Dejan_Lovren_4813.png
4487,Matthew Lowton,England,D,38.0,premier_league_data/season_1718/Matthew_Lowton_4487.png
3173,Kazenga LuaLua,DR Congo,F,49.0,premier_league_data/season_1718/Kazenga_LuaLua_3173.png
3137,Lucas Leiva,Brazil,M,6.0,premier_league_data/season_1718/Lucas_Leiva_3137.png
5762,Lucas Moura,Brazil,F,,premier_league_data/season_1718/Lucas_Moura_5762.png
4290,Romelu Lukaku,Belgium,F,90.0,premier_league_data/season_1718/Romelu_Lukaku_4290.png
16088,Dodi Lukébakio,Belgium,F,11.0,premier_league_data/season_1718/Dodi_Lukébakio_16088.png
14170,Levi Lumeka,England,F,12.0,
10422,Matt Macey,England,G,1.0,premier_league_data/season_1718/Matt_Macey_10422.png
13228,Niki Mäenpää,Finland,G,85.0,premier_league_data/season_1718/Niki_Mäenpää_13228.png
13987,Pablo Maffeo,Argentina,D,23.0,premier_league_data/season_1718/Pablo_Maffeo_13987.png
9566,Harry Maguire,England,D,5.0,premier_league_data/season_1718/Harry_Maguire_9566.png
7985,Connor Mahoney,England,F,23.0,premier_league_data/season_1718/Connor_Mahoney_7985.png
8983,Riyad Mahrez,Algeria,F,26.0,premier_league_data/season_1718/Riyad_Mahrez_8983.png
10428,Ainsley Maitland-Niles,England,M,98.0,premier_league_data/season_1718/Ainsley_Maitland-Niles_10428.png
15418,Moses Makasi,England,M,10.0,premier_league_data/season_1718/Moses_Makasi_15418.png
14456,Donyell Malen,Netherlands,F,17.0,premier_league_data/season_1718/Donyell_Malen_14456.png
3995,Scott Malone,England,M,33.0,premier_league_data/season_1718/Scott_Malone_3995.png
5566,Steve Mandanda,France,G,30.0,premier_league_data/season_1718/Steve_Mandanda_5566.png
6519,Sadio Mané,Senegal,F,10.0,premier_league_data/season_1718/Sadio_Mané_6519.png
5334,Eliaquim Mangala,France,D,4.0,premier_league_data/season_1718/Eliaquim_Mangala_5334.png
4918,Javier Manquillo,Spain,D,22.0,premier_league_data/season_1718/Javier_Manquillo_4918.png
12374,Elvis Manu,Ghana,F,10.0,
8171,Solly March,England,M,,premier_league_data/season_1718/Solly_March_8171.png
3251,Adrian Mariappa,Jamaica,D,19.0,premier_league_data/season_1718/Adrian_Mariappa_3251.png
15404,Adnan Maric,Sweden,M,29.0,
5078,Lazar Markovic,Serbia,M,50.0,premier_league_data/season_1718/Lazar_Markovic_5078.png
2359,Dean Marney,England,M,25.0,premier_league_data/season_1718/Dean_Marney_2359.png
11272,Anthony Martial,France,F,22.0,premier_league_data/season_1718/Anthony_Martial_11272.png
13716,Cuco Martina,Curacao,D,15.0,premier_league_data/season_1718/Cuco_Martina_13716.png
4245,Emiliano Martínez,Argentina,G,23.0,premier_league_data/season_1718/Emiliano_Martínez_4245.png
11177,Bruno Martins Indi,Netherlands,D,4.0,premier_league_data/season_1718/Bruno_Martins_Indi_11177.png
19677,Brandon Mason,England,D,32.0,premier_league_data/season_1718/Brandon_Mason_19677.png
13932,Ntumba Massanka,England,M,18.0,
13508,Conor Masterson,Ireland,D,4.0,
11284,Arthur Masuaku,DR Congo,D,26.0,premier_league_data/season_1718/Arthur_Masuaku_11284.png
4287,Juan Mata,Spain,M,64.0,premier_league_data/season_1718/Juan_Mata_4287.png
16275,Ales Mateju,Czech Republic,D,3.0,
3861,Nemanja Matic,Serbia,M,31.0,premier_league_data/season_1718/Nemanja_Matic_3861.png
5375,Joël Matip,Cameroon,D,32.0,premier_league_data/season_1718/Joël_Matip_5375.png
3669,Matty James,England,M,37.0,premier_league_data/season_1718/Matty_James_3669.png
32638,Konstantinos Mavropanos,Greece,D,15.0,premier_league_data/season_1718/Konstantinos_Mavropanos_32638.png
9960,Alfie Mawson,England,D,20.0,premier_league_data/season_1718/Alfie_Mawson_9960.png
5850,Chancel Mbemba,DR Congo,D,99.0,premier_league_data/season_1718/Chancel_Mbemba_5850.png
4224,James McArthur,Scotland,M,,premier_league_data/season_1718/James_McArthur_4224.png
4437,Gareth McAuley,Northern Ireland,D,36.0,premier_league_data/season_1718/Gareth_McAuley_4437.png
8107,Oliver McBurnie,Scotland,F,16.0,premier_league_data/season_1718/Oliver_McBurnie_8107.png
3979,James McCarthy,Ireland,M,16.0,premier_league_data/season_1718/James_McCarthy_3979.png
4395,James McClean,Ireland,M,7.0,premier_league_data/season_1718/James_McClean_4395.png
14447,Marcus McGuane,England,M,29.0,
3779,Callum McManaman,England,M,20.0,premier_league_data/season_1718/Callum_McManaman_3779.png
24797,Dwight McNeil,England,F,7.0,premier_league_data/season_1718/Dwight_McNeil_24797.png
9649,Sam McQueen,England,M,,premier_league_data/season_1718/Sam_McQueen_9649.png
14824,Scott McTominay,Scotland,M,39.0,premier_league_data/season_1718/Scott_McTominay_14824.png
3909,Ben Mee,England,D,16.0,premier_league_data/season_1718/Ben_Mee_3909.png
15160,Max Melbourne,England,D,23.0,premier_league_data/season_1718/Max_Melbourne_15160.png
19617,Nampalys Mendy,Senegal,M,26.0,premier_league_data/season_1718/Nampalys_Mendy_19617.png
19778,Mikel Merino,Spain,M,23.0,premier_league_data/season_1718/Mikel_Merino_19778.png
4246,Per Mertesacker,Germany,D,4.0,premier_league_data/season_1718/Per_Mertesacker_4246.png
22575,Roque Mesa,Spain,M,15.0,premier_league_data/season_1718/Roque_Mesa_22575.png
13280,Matt Miazga,United States,D,21.0,premier_league_data/season_1718/Matt_Miazga_13280.png
4179,Simon Mignolet,Belgium,G,22.0,premier_league_data/season_1718/Simon_Mignolet_4179.png
5859,Luka Milivojevic,Serbia,M,4.0,premier_league_data/season_1718/Luka_Milivojevic_5859.png
2100,James Milner,England,M,6.0,premier_league_data/season_1718/James_Milner_2100.png
8900,Tyrone Mings,England,D,5.0,premier_league_data/season_1718/Tyrone_Mings_8900.png
4507,Kevin Mirallas,Belgium,F,11.0,premier_league_data/season_1718/Kevin_Mirallas_4507.png
14822,Demetri Mitchell,England,M,7.0,premier_league_data/season_1718/Demetri_Mitchell_14822.png
5879,Aleksandar Mitrovic,Serbia,F,9.0,premier_league_data/season_1718/Aleksandar_Mitrovic_5879.png
5102,Henrikh Mkhitaryan,Armenia,M,22.0,premier_league_data/season_1718/Henrikh_Mkhitaryan_5102.png
13778,Moha,Spain,M,22.0,premier_league_data/season_1718/Moha_13778.png
5239,Mohamed Elneny,Egypt,M,15.0,premier_league_data/season_1718/Mohamed_Elneny_5239.png
5178,Mohamed Salah,Egypt,F,11.0,premier_league_data/season_1718/Mohamed_Salah_5178.png
15293,Jayson Molumby,Ireland,M,8.0,premier_league_data/season_1718/Jayson_Molumby_15293.png
10518,Jefferson Montero,Ecuador,M,10.0,premier_league_data/season_1718/Jefferson_Montero_10518.png
14698,Elliott Moore,England,D,5.0,
19619,Aaron Mooy,Australia,M,13.0,premier_league_data/season_1718/Aaron_Mooy_19619.png
5804,Álvaro Morata,Spain,F,77.0,premier_league_data/season_1718/Álvaro_Morata_5804.png
7219,Alberto Moreno,Spain,D,18.0,premier_league_data/season_1718/Alberto_Moreno_7219.png
8966,Wes Morgan,Jamaica,D,5.0,premier_league_data/season_1718/Wes_Morgan_8966.png
14631,Morgan Feeney,England,D,5.0,premier_league_data/season_1718/Morgan_Feeney_14631.png
2529,James Morrison,Scotland,M,,premier_league_data/season_1718/James_Morrison_2529.png
3983,Victor Moses,Nigeria,M,7.0,premier_league_data/season_1718/Victor_Moses_3983.png
22570,Steve Mounié,Benin,F,15.0,premier_league_data/season_1718/Steve_Mounié_22570.png
19603,Lys Mousset,France,F,7.0,premier_league_data/season_1718/Lys_Mousset_19603.png
15118,Joy Mukena,England,D,20.0,premier_league_data/season_1718/Joy_Mukena_15118.png
12356,Erwin Mulder,Netherlands,G,22.0,premier_league_data/season_1718/Erwin_Mulder_12356.png
4822,Muniesa,Spain,D,4.0,premier_league_data/season_1718/Muniesa_4822.png
19911,Arijanet Muric,Kosovo,G,1.0,premier_league_data/season_1718/Arijanet_Muric_19911.png
9581,Jamie Murphy,Scotland,F,7.0,premier_league_data/season_1718/Jamie_Murphy_9581.png
4772,Glenn Murray,England,F,25.0,premier_league_data/season_1718/Glenn_Murray_4772.png
5208,Ahmed Musa,Nigeria,F,7.0,premier_league_data/season_1718/Ahmed_Musa_5208.png
11147,Charly Musonda,Belgium,M,21.0,premier_league_data/season_1718/Charly_Musonda_11147.png
3869,Shkodran Mustafi,Germany,D,5.0,premier_league_data/season_1718/Shkodran_Mustafi_3869.png
3333,Jordon Mutch,England,M,4.0,premier_league_data/season_1718/Jordon_Mutch_3333.png
2011,Boaz Myhill,Wales,G,1.0,premier_league_data/season_1718/Boaz_Myhill_2011.png
6903,Clinton N'Jie,Cameroon,F,10.0,premier_league_data/season_1718/Clinton_NJie_6903.png
4472,Nacho Monreal,Spain,D,20.0,premier_league_data/season_1718/Nacho_Monreal_4472.png
7122,Luciano Narsingh,Netherlands,F,7.0,premier_league_data/season_1718/Luciano_Narsingh_7122.png
3546,Samir Nasri,France,M,18.0,premier_league_data/season_1718/Samir_Nasri_3546.png
3956,Kyle Naughton,England,D,26.0,premier_league_data/season_1718/Kyle_Naughton_3956.png
20479,Wilfred Ndidi,Nigeria,M,6.0,premier_league_data/season_1718/Wilfred_Ndidi_20479.png
14270,Mikael Ndjoli,England,F,18.0,
20708,Didier Ndong,Gabon,M,12.0,premier_league_data/season_1718/Didier_Ndong_20708.png
14712,Layton Ndukwu,England,F,17.0,
14450,Reiss Nelson,England,F,19.0,premier_league_data/season_1718/Reiss_Nelson_14450.png
15184,Vashon Neufville,England,D,,
15052,Julien Ngoy,Belgium,F,9.0,premier_league_data/season_1718/Julien_Ngoy_15052.png
13390,Oumar Niasse,Senegal,F,18.0,premier_league_data/season_1718/Oumar_Niasse_13390.png
14451,Eddie Nketiah,England,F,9.0,premier_league_data/season_1718/Eddie_Nketiah_14451.png
15938,Georges-Kévin Nkoudou,Cameroon,M,7.0,premier_league_data/season_1718/Georges-Kévin_Nkoudou_15938.png
14807,Lukas Nmecha,Germany,F,10.0,premier_league_data/season_1718/Lukas_Nmecha_14807.png
3014,Mark Noble,England,M,16.0,premier_league_data/season_1718/Mark_Noble_3014.png
19604,Nolito,Spain,F,9.0,premier_league_data/season_1718/Nolito_19604.png
13795,Kristoffer Nordfeldt,Sweden,G,1.0,premier_league_data/season_1718/Kristoffer_Nordfeldt_13795.png
23556,Mathias Normann,Norway,M,16.0,premier_league_data/season_1718/Mathias_Normann_23556.png
3924,Oliver Norwood,Northern Ireland,M,26.0,premier_league_data/season_1718/Oliver_Norwood_3924.png
13821,Allan Nyom,Cameroon,D,12.0,premier_league_data/season_1718/Allan_Nyom_13821.png
24353,Lewis O'Brien,England,M,8.0,premier_league_data/season_1718/Lewis_OBrien_24353.png
20870,Keelan O'Connell,England,M,7.0,
10425,Stefan O'Connor,England,D,,premier_league_data/season_1718/Stefan_OConnor_10425.png
13584,Kieran O'Hara,Ireland,G,13.0,
20095,Aiden O'Neill,Australia,M,24.0,premier_league_data/season_1718/Aiden_ONeill_20095.png
15154,Dara O'Shea,Ireland,D,26.0,premier_league_data/season_1718/Dara_OShea_15154.png
15140,Tashan Oakley-Boothe,England,M,,premier_league_data/season_1718/Tashan_Oakley-Boothe_15140.png
21532,Michael Obafemi,Ireland,F,14.0,premier_league_data/season_1718/Michael_Obafemi_21532.png
5514,Angelo Ogbonna,Italy,D,21.0,premier_league_data/season_1718/Angelo_Ogbonna_5514.png
10543,Sheyi Ojo,England,F,54.0,premier_league_data/season_1718/Sheyi_Ojo_10543.png
3889,Stefano Okaka,Italy,F,77.0,premier_league_data/season_1718/Stefano_Okaka_3889.png
13494,Shinji Okazaki,Japan,F,30.0,premier_league_data/season_1718/Shinji_Okazaki_13494.png
13717,Olufela Olomola,England,F,29.0,premier_league_data/season_1718/Olufela_Olomola_13717.png
2867,Martin Olsson,Sweden,D,13.0,premier_league_data/season_1718/Martin_Olsson_2867.png
7490,Josh Onomah,England,M,17.0,premier_league_data/season_1718/Josh_Onomah_7490.png
23615,Henry Onyekuru,Nigeria,F,7.0,
10465,Divock Origi,Belgium,F,27.0,premier_league_data/season_1718/Divock_Origi_10465.png
14436,Jordi Osei-Tutu,England,D,14.0,
10420,David Ospina,Colombia,G,,premier_league_data/season_1718/David_Ospina_10420.png
6058,Nicolás Otamendi,Argentina,D,30.0,premier_league_data/season_1718/Nicolás_Otamendi_6058.png
10535,Reece Oxford,England,D,4.0,premier_league_data/season_1718/Reece_Oxford_10535.png
4252,Alex Oxlade-Chamberlain,England,M,15.0,premier_league_data/season_1718/Alex_Oxlade-Chamberlain_4252.png
4714,Mesut Özil,Germany,M,10.0,premier_league_data/season_1718/Mesut_Özil_4714.png
13283,Kasey Palmer,Jamaica,M,45.0,premier_league_data/season_1718/Kasey_Palmer_13283.png
16467,Erik Palmer-Brown,United States,D,14.0,
4319,Costel Pantilimon,Romania,G,1.0,premier_league_data/season_1718/Costel_Pantilimon_4319.png
10953,Juan Carlos Paredes,Ecuador,D,44.0,premier_league_data/season_1718/Juan_Carlos_Paredes_10953.png
10440,Mario Pasalic,Croatia,M,8.0,
13962,Josh Pask,England,D,2.0,premier_league_data/season_1718/Josh_Pask_13962.png
9664,Jack Payne,England,M,10.0,premier_league_data/season_1718/Jack_Payne_9664.png
4972,Pedro,Spain,F,9.0,premier_league_data/season_1718/Pedro_4972.png
13871,Pedro Obiang,Equatorial Guinea,M,14.0,premier_league_data/season_1718/Pedro_Obiang_13871.png
13825,Adalberto Peñaranda,Venezuela,F,7.0,premier_league_data/season_1718/Adalberto_Peñaranda_13825.png
9895,Matthew Pennington,England,D,5.0,premier_league_data/season_1718/Matthew_Pennington_9895.png
21903,Dion Pereira,Antigua & Barbuda,M,7.0,
11213,Roberto Pereyra,Argentina,M,37.0,premier_league_data/season_1718/Roberto_Pereyra_11213.png
7081,Lucas Pérez,Spain,F,27.0,premier_league_data/season_1718/Lucas_Pérez_7081.png
14144,Kleton Perntreou,Greece,G,,
4525,Philippe Coutinho,Brazil,M,23.0,premier_league_data/season_1718/Philippe_Coutinho_4525.png
14161,Michael Phillips,England,D,44.0,
4640,Jordan Pickford,England,G,1.0,premier_league_data/season_1718/Jordan_Pickford_4640.png
12463,Jérémy Pied,France,D,26.0,premier_league_data/season_1718/Jérémy_Pied_12463.png
4821,Erik Pieters,Netherlands,D,33.0,premier_league_data/season_1718/Erik_Pieters_4821.png
3920,Paul Pogba,France,M,10.0,premier_league_data/season_1718/Paul_Pogba_3920.png
10079,Nick Pope,England,G,22.0,premier_league_data/season_1718/Nick_Pope_10079.png
4433,Alex Pritchard,England,M,29.0,premier_league_data/season_1718/Alex_Pritchard_4433.png
13822,Sebastian Prödl,Austria,D,4.0,premier_league_data/season_1718/Sebastian_Prödl_13822.png
16790,Davy Pröpper,Netherlands,M,14.0,premier_league_data/season_1718/Davy_Pröpper_16790.png
8049,Marc Pugh,England,M,27.0,premier_league_data/season_1718/Marc_Pugh_8049.png
4084,Jason Puncheon,England,M,42.0,premier_league_data/season_1718/Jason_Puncheon_4084.png
21677,Collin Quaner,Germany,F,45.0,premier_league_data/season_1718/Collin_Quaner_21677.png
23820,Rafael Camacho,Portugal,M,64.0,premier_league_data/season_1718/Rafael_Camacho_23820.png
11241,Erdal Rakip,North Macedonia,M,6.0,
19673,Ramadan Sobhi,Egypt,M,14.0,premier_league_data/season_1718/Ramadan_Sobhi_19673.png
13703,Aaron Ramsdale,England,G,30.0,premier_league_data/season_1718/Aaron_Ramsdale_13703.png
3548,Aaron Ramsey,Wales,M,10.0,premier_league_data/season_1718/Aaron_Ramsey_3548.png
11013,Connor Randall,England,D,12.0,premier_league_data/season_1718/Connor_Randall_11013.png
2216,Darren Randolph,Ireland,G,12.0,premier_league_data/season_1718/Darren_Randolph_2216.png
4405,Angel Rangel,Spain,D,22.0,premier_league_data/season_1718/Angel_Rangel_4405.png
13565,Marcus Rashford,England,F,9.0,premier_league_data/season_1718/Marcus_Rashford_13565.png
3811,Nathan Redmond,England,M,15.0,premier_league_data/season_1718/Nathan_Redmond_3811.png
4818,Harrison Reed,England,M,6.0,premier_league_data/season_1718/Harrison_Reed_4818.png
4209,Winston Reid,New Zealand,D,23.0,premier_league_data/season_1718/Winston_Reid_4209.png
13123,Jeff Reine-Adélaïde,France,M,77.0,premier_league_data/season_1718/Jeff_Reine-Adélaïde_13123.png
4572,Loïc Rémy,France,F,59.0,premier_league_data/season_1718/Loïc_Rémy_4572.png
16646,Renato Sanches,Portugal,M,85.0,premier_league_data/season_1718/Renato_Sanches_16646.png
15202,Declan Rice,England,M,41.0,premier_league_data/season_1718/Declan_Rice_15202.png
24630,Richarlison,Brazil,F,9.0,premier_league_data/season_1718/Richarlison_24630.png
4878,Jairo Riedewald,Netherlands,M,4.0,premier_league_data/season_1718/Jairo_Riedewald_4878.png
3934,Matt Ritchie,Scotland,M,30.0,premier_league_data/season_1718/Matt_Ritchie_3934.png
10488,Emmanuel Rivière,Martinique,F,97.0,
13511,Roberto Firmino,Brazil,F,9.0,premier_league_data/season_1718/Roberto_Firmino_13511.png
8710,Patrick Roberts,England,M,10.0,premier_league_data/season_1718/Patrick_Roberts_8710.png
10458,Andy Robertson,Scotland,D,26.0,premier_league_data/season_1718/Andy_Robertson_10458.png
4696,Joel Robles,Spain,G,22.0,premier_league_data/season_1718/Joel_Robles_4696.png
3484,Hal Robson-Kanu,Wales,F,4.0,premier_league_data/season_1718/Hal_Robson-Kanu_3484.png
13796,Joe Rodon,Wales,D,6.0,premier_league_data/season_1718/Joe_Rodon_13796.png
3851,Jay Rodriguez,England,F,16.0,premier_league_data/season_1718/Jay_Rodriguez_3851.png
10472,Marcos Rojo,Argentina,D,6.0,premier_league_data/season_1718/Marcos_Rojo_10472.png
13555,Sergio Romero,Argentina,G,1.0,premier_league_data/season_1718/Sergio_Romero_13555.png
4286,Oriol Romeu,Spain,M,14.0,premier_league_data/season_1718/Oriol_Romeu_4286.png
6030,Salomón Rondón,Venezuela,F,23.0,premier_league_data/season_1718/Salomón_Rondón_6030.png
2064,Wayne Rooney,England,F,32.0,premier_league_data/season_1718/Wayne_Rooney_2064.png
3507,Danny Rose,England,D,3.0,premier_league_data/season_1718/Danny_Rose_3507.png
2464,Liam Rosenior,England,D,23.0,premier_league_data/season_1718/Liam_Rosenior_2464.png
2681,Wayne Routledge,England,M,15.0,premier_league_data/season_1718/Wayne_Routledge_2681.png
14285,Charlie Rowan,England,D,,premier_league_data/season_1718/Charlie_Rowan_14285.png
16801,Antonio Rüdiger,Germany,D,22.0,premier_league_data/season_1718/Antonio_Rüdiger_16801.png
12192,Mathew Ryan,Australia,G,30.0,premier_league_data/season_1718/Mathew_Ryan_12192.png
22591,Abdelhamid Sabiri,Morocco,M,11.0,premier_league_data/season_1718/Abdelhamid_Sabiri_22591.png
6251,Henri Saivet,Senegal,M,,premier_league_data/season_1718/Henri_Saivet_6251.png
4796,Mamadou Sakho,France,D,75.0,premier_league_data/season_1718/Mamadou_Sakho_4796.png
10004,Bakary Sako,Mali,M,,premier_league_data/season_1718/Bakary_Sako_10004.png
13648,Martin Samuelsen,Norway,M,14.0,premier_league_data/season_1718/Martin_Samuelsen_13648.png
4973,Alexis Sánchez,Chile,F,70.0,premier_league_data/season_1718/Alexis_Sánchez_4973.png
14801,Jadon Sancho,England,F,19.0,premier_league_data/season_1718/Jadon_Sancho_14801.png
14554,Max Sanders,England,M,6.0,premier_league_data/season_1718/Max_Sanders_14554.png
11074,Sandro Ramírez,Spain,F,19.0,premier_league_data/season_1718/Sandro_Ramírez_11074.png
5384,Leroy Sané,Germany,F,10.0,premier_league_data/season_1718/Leroy_Sané_5384.png
8887,Sean Scannell,Ireland,M,44.0,premier_league_data/season_1718/Sean_Scannell_8887.png
16234,Ezequiel Schelotto,Argentina,D,21.0,premier_league_data/season_1718/Ezequiel_Schelotto_16234.png
19607,Christopher Schindler,Germany,D,16.0,premier_league_data/season_1718/Christopher_Schindler_19607.png
8980,Jeffrey Schlupp,Ghana,M,15.0,premier_league_data/season_1718/Jeffrey_Schlupp_8980.png
2508,Kasper Schmeichel,Denmark,G,1.0,premier_league_data/season_1718/Kasper_Schmeichel_2508.png
4615,Morgan Schneiderlin,France,M,6.0,premier_league_data/season_1718/Morgan_Schneiderlin_4615.png
24346,Ryan Schofield,England,G,12.0,premier_league_data/season_1718/Ryan_Schofield_24346.png
14578,Kyle Scott,United States,M,,premier_league_data/season_1718/Kyle_Scott_14578.png
16723,Matz Sels,Belgium,G,26.0,premier_league_data/season_1718/Matz_Sels_16723.png
5267,Xherdan Shaqiri,Switzerland,M,29.0,premier_league_data/season_1718/Xherdan_Shaqiri_5267.png
15142,Samuel Shashoua,England,M,20.0,
4608,Luke Shaw,England,D,23.0,premier_league_data/season_1718/Luke_Shaw_4608.png
3158,Ryan Shawcross,England,D,,premier_league_data/season_1718/Ryan_Shawcross_3158.png
13121,Ben Sheaf,England,M,14.0,
10507,Oliver Shenton,England,M,,premier_league_data/season_1718/Oliver_Shenton_10507.png
2007,Steve Sidwell,England,M,14.0,premier_league_data/season_1718/Steve_Sidwell_2007.png
4421,Gylfi Sigurdsson,Iceland,M,32.0,premier_league_data/season_1718/Gylfi_Sigurdsson_4421.png
4145,David Silva,Spain,M,21.0,premier_league_data/season_1718/David_Silva_4145.png
13193,Jack Simpson,England,D,4.0,premier_league_data/season_1718/Jack_Simpson_13193.png
15374,Josh Sims,England,M,20.0,premier_league_data/season_1718/Josh_Sims_15374.png
4529,Jerome Sinclair,England,F,,premier_league_data/season_1718/Jerome_Sinclair_4529.png
4549,Moussa Sissoko,France,M,17.0,premier_league_data/season_1718/Moussa_Sissoko_4549.png
13232,Jiri Skalak,Czech Republic,M,26.0,premier_league_data/season_1718/Jiri_Skalak_13232.png
11364,Islam Slimani,Algeria,F,19.0,premier_league_data/season_1718/Islam_Slimani_11364.png
3613,Chris Smalling,England,D,6.0,premier_league_data/season_1718/Chris_Smalling_3613.png
9030,Brad Smith,Australia,D,3.0,premier_league_data/season_1718/Brad_Smith_9030.png
4558,Robert Snodgrass,Scotland,M,77.0,premier_league_data/season_1718/Robert_Snodgrass_4558.png
16608,Rubén Sobrino,Spain,F,7.0,
10443,Dominic Solanke,England,F,19.0,premier_league_data/season_1718/Dominic_Solanke_10443.png
4999,Son Heung-Min,South Korea,F,7.0,premier_league_data/season_1718/Son_Heung-Min_4999.png
10444,Pape Souaré,Senegal,D,,premier_league_data/season_1718/Pape_Souaré_10444.png
21809,Harry Souttar,Australia,D,6.0,premier_league_data/season_1718/Harry_Souttar_21809.png
2664,Julian Speroni,Argentina,G,,premier_league_data/season_1718/Julian_Speroni_2664.png
4679,Raphael Spiegel,Switzerland,G,24.0,premier_league_data/season_1718/Raphael_Spiegel_4679.png
4988,Konstantinos Stafylidis,Greece,D,5.0,
3766,Junior Stanislas,England,M,19.0,premier_league_data/season_1718/Junior_Stanislas_3766.png
4779,Maarten Stekelenburg,Netherlands,G,1.0,premier_league_data/season_1718/Maarten_Stekelenburg_4779.png
8168,Dale Stephens,England,M,16.0,premier_league_data/season_1718/Dale_Stephens_8168.png
14572,Dujon Sterling,England,D,21.0,premier_league_data/season_1718/Dujon_Sterling_14572.png
10482,Jamie Sterry,England,D,2.0,premier_league_data/season_1718/Jamie_Sterry_10482.png
4426,Kevin Stewart,Jamaica,M,,premier_league_data/season_1718/Kevin_Stewart_4426.png
4505,John Stones,England,D,5.0,premier_league_data/season_1718/John_Stones_4505.png
1295,Stuart Taylor,England,G,28.0,premier_league_data/season_1718/Stuart_Taylor_1295.png
3154,Daniel Sturridge,England,F,19.0,premier_league_data/season_1718/Daniel_Sturridge_3154.png
4925,Mario Suárez,Spain,D,4.0,premier_league_data/season_1718/Mario_Suárez_4925.png
19618,Isaac Success,Nigeria,F,90.0,premier_league_data/season_1718/Isaac_Success_19618.png
2338,Andrew Surman,England,M,16.0,premier_league_data/season_1718/Andrew_Surman_2338.png
13195,Sam Surridge,England,F,16.0,premier_league_data/season_1718/Sam_Surridge_13195.png
5428,Markus Suttner,Austria,D,29.0,premier_league_data/season_1718/Markus_Suttner_5428.png
10556,Ryan Sweeney,Ireland,D,6.0,
3543,Wojciech Szczesny,Poland,G,25.0,premier_league_data/season_1718/Wojciech_Szczesny_3543.png
15045,Lasse Sørensen,Denmark,D,2.0,
15685,Alexander Sørloth,Norway,F,9.0,premier_league_data/season_1718/Alexander_Sørloth_15685.png
10498,Dusan Tadic,Serbia,F,10.0,premier_league_data/season_1718/Dusan_Tadic_10498.png
4815,Matt Targett,England,D,,premier_league_data/season_1718/Matt_Targett_4815.png
8143,James Tarkowski,England,D,6.0,premier_league_data/season_1718/James_Tarkowski_8143.png
24214,Kyle Taylor,England,M,23.0,premier_league_data/season_1718/Kyle_Taylor_24214.png
8451,George Thomas,Wales,M,8.0,premier_league_data/season_1718/George_Thomas_8451.png
10609,James Tilley,England,F,7.0,premier_league_data/season_1718/James_Tilley_10609.png
3517,James Tomkins,England,D,5.0,premier_league_data/season_1718/James_Tomkins_3517.png
13281,Fikayo Tomori,England,D,23.0,premier_league_data/season_1718/Fikayo_Tomori_13281.png
12114,Cenk Tosun,Turkiye,F,23.0,premier_league_data/season_1718/Cenk_Tosun_12114.png
4148,Yaya Touré,Cote D’Ivoire,M,42.0,premier_league_data/season_1718/Yaya_Touré_4148.png
13235,Richie Towell,Ireland,M,17.0,premier_league_data/season_1718/Richie_Towell_13235.png
3724,Andros Townsend,England,M,30.0,premier_league_data/season_1718/Andros_Townsend_3724.png
3905,Kieran Trippier,England,D,,premier_league_data/season_1718/Kieran_Trippier_3905.png
20051,Nathan Trott,England,G,1.0,premier_league_data/season_1718/Nathan_Trott_20051.png
13559,Axel Tuanzebe,DR Congo,D,40.0,premier_league_data/season_1718/Axel_Tuanzebe_13559.png
20941,Rayhaan Tulloch,England,F,34.0,premier_league_data/season_1718/Rayhaan_Tulloch_20941.png
13477,Josh Tymon,England,D,14.0,premier_league_data/season_1718/Josh_Tymon_13477.png
8174,Leonardo Ulloa,Argentina,F,9.0,premier_league_data/season_1718/Leonardo_Ulloa_8174.png
10435,Fredrik Ulvestad,Norway,M,23.0,premier_league_data/season_1718/Fredrik_Ulvestad_10435.png
3285,Antonio Valencia,Ecuador,D,25.0,premier_league_data/season_1718/Antonio_Valencia_3285.png
3362,Patrick van Aanholt,Netherlands,D,30.0,premier_league_data/season_1718/Patrick_van_Aanholt_3362.png
4877,Mike van der Hoorn,Netherlands,D,6.0,premier_league_data/season_1718/Mike_van_der_Hoorn_4877.png
5140,Virgil van Dijk,Netherlands,D,4.0,premier_league_data/season_1718/Virgil_van_Dijk_5140.png
10964,Rajiv van La Parra,Netherlands,F,,premier_league_data/season_1718/Rajiv_van_La_Parra_10964.png
8979,Jamie Vardy,England,F,9.0,premier_league_data/season_1718/Jamie_Vardy_8979.png
4809,Guillermo Varela,Uruguay,D,2.0,premier_league_data/season_1718/Guillermo_Varela_4809.png
15044,Thibaud Verlinden,Belgium,F,7.0,premier_league_data/season_1718/Thibaud_Verlinden_15044.png
4666,Jan Vertonghen,Belgium,D,14.0,premier_league_data/season_1718/Jan_Vertonghen_4666.png
25312,Nikola Vlasic,Croatia,M,16.0,premier_league_data/season_1718/Nikola_Vlasic_25312.png
4007,Sam Vokes,Wales,F,9.0,premier_league_data/season_1718/Sam_Vokes_4007.png
4398,Michel Vorm,Netherlands,G,13.0,premier_league_data/season_1718/Michel_Vorm_4398.png
8003,Mark Waddington,England,M,41.0,premier_league_data/season_1718/Mark_Waddington_8003.png
21730,Molla Wagué,Mali,D,25.0,premier_league_data/season_1718/Molla_Wagué_21730.png
2839,Theo Walcott,England,F,32.0,premier_league_data/season_1718/Theo_Walcott_2839.png
3955,Kyle Walker,England,D,32.0,premier_league_data/season_1718/Kyle_Walker_3955.png
13815,Kyle Walker-Peters,England,D,2.0,premier_league_data/season_1718/Kyle_Walker-Peters_13815.png
15119,Anton Walkes,England,D,5.0,
2047,Jonathan Walters,Ireland,F,39.0,premier_league_data/season_1718/Jonathan_Walters_2047.png
8159,Christian Walton,England,G,28.0,premier_league_data/season_1718/Christian_Walton_8159.png
14164,Aaron Wan-Bissaka,England,D,29.0,premier_league_data/season_1718/Aaron_Wan-Bissaka_14164.png
4816,Victor Wanyama,Kenya,M,2.0,premier_league_data/season_1718/Victor_Wanyama_4816.png
3999,Stephen Ward,Ireland,D,3.0,premier_league_data/season_1718/Stephen_Ward_3999.png
4617,James Ward-Prowse,England,M,18.0,premier_league_data/season_1718/James_Ward-Prowse_4617.png
2686,Ben Watson,England,M,26.0,premier_league_data/season_1718/Ben_Watson_2686.png
3452,Danny Welbeck,England,F,18.0,premier_league_data/season_1718/Danny_Welbeck_3452.png
8889,Nahki Wells,Bermuda,F,21.0,premier_league_data/season_1718/Nahki_Wells_8889.png
4489,Ashley Westwood,England,M,8.0,premier_league_data/season_1718/Ashley_Westwood_4489.png
2299,Glenn Whelan,Ireland,M,25.0,premier_league_data/season_1718/Glenn_Whelan_2299.png
14548,Ben White,England,D,4.0,premier_league_data/season_1718/Ben_White_14548.png
2980,Dean Whitehead,England,M,4.0,premier_league_data/season_1718/Dean_Whitehead_2980.png
15111,Alfie Whiteman,England,G,41.0,premier_league_data/season_1718/Alfie_Whiteman_15111.png
4396,Connor Wickham,England,F,13.0,premier_league_data/season_1718/Connor_Wickham_4396.png
2678,Rhoys Wiggins,Wales,D,12.0,premier_league_data/season_1718/Rhoys_Wiggins_2678.png
7114,Georginio Wijnaldum,Netherlands,M,25.0,premier_league_data/season_1718/Georginio_Wijnaldum_7114.png
16549,Will Miller,England,M,18.0,premier_league_data/season_1718/Will_Miller_16549.png
4403,Ashley Williams,Wales,D,29.0,premier_league_data/season_1718/Ashley_Williams_4403.png
4748,Willian,Brazil,F,22.0,premier_league_data/season_1718/Willian_4748.png
14446,Joe Willock,England,M,28.0,premier_league_data/season_1718/Joe_Willock_14446.png
3547,Jack Wilshere,England,M,11.0,premier_league_data/season_1718/Jack_Wilshere_3547.png
3471,Marc Wilson,Ireland,M,18.0,premier_league_data/season_1718/Marc_Wilson_3471.png
13813,Kevin Wimmer,Austria,D,6.0,premier_league_data/season_1718/Kevin_Wimmer_13813.png
7488,Harry Winks,England,M,8.0,premier_league_data/season_1718/Harry_Winks_7488.png
4989,Philipp Wollscheid,Germany,D,2.0,premier_league_data/season_1718/Philipp_Wollscheid_4989.png
3756,Chris Wood,New Zealand,F,11.0,premier_league_data/season_1718/Chris_Wood_3756.png
14758,Ben Woodburn,Wales,M,14.0,premier_league_data/season_1718/Ben_Woodburn_14758.png
10479,Freddie Woodman,England,G,1.0,premier_league_data/season_1718/Freddie_Woodman_10479.png
15285,Matthew Worthington,England,M,,premier_league_data/season_1718/Matthew_Worthington_15285.png
12136,Granit Xhaka,Switzerland,M,34.0,premier_league_data/season_1718/Granit_Xhaka_12136.png
4673,Claudio Yacob,Argentina,M,24.0,premier_league_data/season_1718/Claudio_Yacob_4673.png
14626,Josef Yarney,England,D,29.0,
10522,DeAndre Yedlin,United States,D,2.0,premier_league_data/season_1718/DeAndre_Yedlin_10522.png
4605,Maya Yoshida,Japan,D,22.0,premier_league_data/season_1718/Maya_Yoshida_4605.png
3062,Ashley Young,England,D,18.0,premier_league_data/season_1718/Ashley_Young_3062.png
3654,Pablo Zabaleta,Argentina,D,5.0,premier_league_data/season_1718/Pablo_Zabaleta_3654.png
4539,Wilfried Zaha,Cote D’Ivoire,F,12.0,premier_league_data/season_1718/Wilfried_Zaha_4539.png
7103,Zanka,Denmark,D,13.0,premier_league_data/season_1718/Zanka_7103.png
25313,Davide Zappacosta,Italy,M,77.0,premier_league_data/season_1718/Davide_Zappacosta_25313.png
3338,Mauro Zárate,Argentina,F,19.0,premier_league_data/season_1718/Mauro_Zárate_3338.png
10123,Marvin Zeegelaar,Netherlands,D,8.0,premier_league_data/season_1718/Marvin_Zeegelaar_10123.png
22547,Zhang Yuning,China,F,97.0,
3662,Ron-Robert Zieler,Germany,G,16.0,premier_league_data/season_1718/Ron-Robert_Zieler_3662.png
19620,Oleksandr Zinchenko,Ukraine,D,17.0,premier_league_data/season_1718/Oleksandr_Zinchenko_19620.png
5175,Kurt Zouma,France,D,4.0,premier_league_data/season_1718/Kurt_Zouma_5175.png
